ID,Tipo,SKU,Nombre,Publicado,"¿Está destacado?","Visibilidad en el catálogo","Descripción corta",Descripción,"Día en que empieza el precio rebajado","Día en que termina el precio rebajado","Estado del impuesto","Clase de impuesto",¿Existencias?,Inventario,"Cantidad de bajo inventario","¿Permitir reservas de productos agotados?","¿Vendido individualmente?","Peso (kg)","Longitud (cm)","Anchura (cm)","Altura (cm)","¿Permitir valoraciones de clientes?","Nota de compra","Precio rebajado","Precio normal",Categorías,Etiquetas,"Clase de envío",Imágenes,"Límite de descargas","Días de caducidad de la descarga",Superior,"Productos agrupados","Ventas dirigidas","Ventas cruzadas","URL externa","Texto del botón",Posición,"Swatches Attributes"
277,simple,7067901,"MOTOSIERRA HUSQVARNA 120",1,0,visible,"Motosierra fácil de maniobrar, ideal hobbistas y uso doméstico. Liviana, fácil de maniobrar, además cuenta con sistema antivibratorio, ideal para tu casa o tu quinta.","[vc_row][vc_column][vc_column_text]Motosierra sencilla, económica, fácil de poner en marcha y fácil de usar, perfecta para tareas de corte ligero como la preparación de leña y la poda ligera. Ideal para pequeñas propiedades rurales. Su bomba de inyección ayuda en el arranque, mientras que su tamaño compacto y baja vibración significan más comodidad y mejor manejo para el usuario. Las funciones inteligentes de la motosierra 120, como la aceleración de respuesta rápida, ayudan a aumentar su productividad al reducir el tiempo de inactividad.\n\n<h4>Detalles de producto</h4>\n\n<ul>\n\n 	<li>Cilindrada: 35 c.c.</li>\n\n 	<li>Potencia: 1.44 Kw</li>\n\n 	<li>Velocidad máx.: 11000 rpm</li>\n\n 	<li>Capacidad de combustible: 0.25 lts</li>\n\n 	<li>Tamaño de Espada: 16""</li>\n\n 	<li>Paso de la cadena: 3/8"" LP</li>\n\n 	<li>Calibre: 1.3 mm</li>\n\n 	<li>Origen: China</li>\n\n 	<li>Peso Bruto: 7.15 Kg</li>\n\n</ul>\n\n[/vc_column_text][/vc_column][/vc_row][vc_row][vc_column][vc_tta_accordion active_section=""0""][vc_tta_section title=""Especificaciones técnicas"" tab_id=""1689192497545-d4489a26-6459""][vc_row_inner equal_height=""yes""][vc_column_inner width=""1/2"" css="".vc_custom_1689193255658{margin-bottom: 0px !important;}""][vc_column_text]Cilindrada: 35 c.c.\n\nPotencia: 1.44 Kw\n\nVelocidad máx.: 11000 rpm\n\nCapacidad de combustible: 0.25 lts\n\nTamaño de Espada:16""[/vc_column_text][/vc_column_inner][vc_column_inner width=""1/2""][vc_column_text]Paso de la cadena: 3/8"" LP\n\nCalibre: 1.3 mm\n\nOrigen: China\n\nPeso Bruto: 7.15 Kg[/vc_column_text][/vc_column_inner][/vc_row_inner][/vc_tta_section][vc_tta_section title=""Contenidos relacionados"" tab_id=""1689192497555-1a7f9476-9392""][vc_row_inner equal_height=""yes""][vc_column_inner width=""1/3"" css="".vc_custom_1689259676385{padding-top: 20px !important;padding-bottom: 20px !important;}""][et_video_lightbox style=""lightbox-image"" animation="""" video=""https://www.youtube.com/watch?v=xaW7SggoTqo"" image=""1766""][/vc_column_inner][vc_column_inner width=""1/3"" css="".vc_custom_1689259685932{padding-top: 20px !important;padding-bottom: 20px !important;}""][et_video_lightbox style=""lightbox-image"" animation="""" video=""https://www.youtube.com/watch?v=xaW7SggoTqo"" image=""1766""][/vc_column_inner][vc_column_inner width=""1/3"" css="".vc_custom_1689259694829{padding-top: 20px !important;padding-bottom: 20px !important;}""][et_video_lightbox style=""lightbox-image"" animation="""" video=""https://www.youtube.com/watch?v=xaW7SggoTqo"" image=""1766""][/vc_column_inner][/vc_row_inner][/vc_tta_section][/vc_tta_accordion][/vc_column][/vc_row]",,,taxable,,1,1,,0,0,,,,,0,,,92340,"AGRO Y FORRAJERÍA, BOSQUE Y JARDIN, Sin Categoria","Chipeadoras, Molinos Picadores",,"https://tiendatool.com/wp-content/uploads/2019/07/motosierra-husqvarna-120.webp, https://tiendatool.com/wp-content/uploads/2019/07/motosierra-husqvarna-120-video.webp, https://tiendatool.com/wp-content/uploads/2019/07/motosierra-husqvarna-120-agarre.webp, https://tiendatool.com/wp-content/uploads/2019/07/motosierra-husqvarna-120-arranque.webp, https://tiendatool.com/wp-content/uploads/2019/07/motosierra-husqvarna-120-filtro.webp",,,,,,,,,0,
1944,simple,4900153,"Molino picador JF 15D c/ caballete con base",1,0,visible,"Motosierra fácil de maniobrar, ideal hobbistas y uso doméstico. Liviana, fácil de maniobrar, además cuenta con sistema antivibratorio, ideal para tu casa o tu quinta.","[vc_row][vc_column][vc_column_text]Los molinos picadores JF-15D son los mas recomendados en todas las cooperativas que nuclean a los pequeños y medianos productores con cría de ganado y tambo. Combinan calidad, fuerza, resistencia y precisión en el procesamiento de alimentos ya que Cuentan con 24 martillos móviles y 2 cuchillas para picado de forraje, caña y sorgo. Potencia requerida de 12,5 a 15 hp. Imagen ilustrativa.\n\n\n\n<strong>NO INCLUYE PROTECTOR DE CORREA.\n\nNO INCLUYE MOTOR.</strong>[/vc_column_text][/vc_column][/vc_row][vc_row][vc_column][vc_tta_accordion active_section=""0""][vc_tta_section title=""Especificaciones técnicas"" tab_id=""1689192497545-d4489a26-6459""][vc_row_inner equal_height=""yes""][vc_column_inner width=""1/2"" css="".vc_custom_1689193255658{margin-bottom: 0px !important;}""][vc_column_text]Cantidad de martillos móviles: 24\n\nCantidad de cuchillas por rotor: 2\n\nCantidad de zarandas: 4\n\nMedidas de zarandas: 0,8/3/5/10 mm\n\nPotencia de motor recomendada: Hasta 20 HP[/vc_column_text][/vc_column_inner][vc_column_inner width=""1/2""][vc_column_text]Rendimiento en maíz 0,8 mm: hasta 230 kg/h\n\nRendimiento en maíz 3 mm: hasta 1070 kg/h\n\nRendimiento en maíz 5 mm: hasta 1290 kg/h\n\nRendimiento en mazorca 5 mm: hasta 620 kg/h\n\nRendimiento en mazorca 10 mm: hasta 950 kg/h\n\nRendimiento en forraje verde: hasta 4480 kg/h[/vc_column_text][/vc_column_inner][/vc_row_inner][/vc_tta_section][vc_tta_section title=""Contenidos relacionados"" tab_id=""1689192497555-1a7f9476-9392""][vc_row_inner equal_height=""yes""][vc_column_inner width=""1/3"" css="".vc_custom_1689259676385{padding-top: 20px !important;padding-bottom: 20px !important;}""][et_video_lightbox style=""lightbox-image"" animation="""" video=""https://www.youtube.com/watch?v=xaW7SggoTqo"" image=""1766""][/vc_column_inner][vc_column_inner width=""1/3"" css="".vc_custom_1689259685932{padding-top: 20px !important;padding-bottom: 20px !important;}""][et_video_lightbox style=""lightbox-image"" animation="""" video=""https://www.youtube.com/watch?v=xaW7SggoTqo"" image=""1766""][/vc_column_inner][vc_column_inner width=""1/3"" css="".vc_custom_1689259694829{padding-top: 20px !important;padding-bottom: 20px !important;}""][et_video_lightbox style=""lightbox-image"" animation="""" video=""https://www.youtube.com/watch?v=xaW7SggoTqo"" image=""1766""][/vc_column_inner][/vc_row_inner][/vc_tta_section][/vc_tta_accordion][/vc_column][/vc_row]",,,taxable,,1,1,,0,0,,,,,0,,,968050,"AGRO Y FORRAJERÍA, AGRO Y FORRAJERÍA > Máquinas Agrícolas, AGRO Y FORRAJERÍA > Máquinas Agrícolas > Molinos Picadores","Molinos Picadores",,https://tiendatool.com/wp-content/uploads/2023/09/molino-picador-jf-jf-15d.png,,,,,,,,,0,
1952,simple,1605160,"Chipeadora con toma de fuerza eje inclu.GTS1300PTO",1,0,visible,"Máquina compacta y con gran desempeño la GTS 1300 PTO se acopla a tractores con conexión de hasta 45 hp con enganche de tres puntos y toma de fuerza.","\n  [vc_row]\n    [vc_column]\n      [vc_column_text]\n        Máquina compacta y con gran desempeño la GTS 1300 PTO se acopla a tractores con conexión de hasta 45 hp con enganche de tres puntos y toma de fuerza, muy eficiente con alta velocidad de trabajo. Mecanismo de seguridad totalmente independiente del tractor.\n\n      [/vc_column_text]\n    [/vc_column]\n  [/vc_row]\n  [vc_row]\n    [vc_column]\n      [vc_tta_accordion active_section=""0""]\n        [vc_tta_section title=""Especificaciones técnicas"" tab_id=""1689192497545-d4489a26-6459""]\n          [vc_row_inner equal_height=""yes""]\n            [vc_column_inner width=""1/2"" css="".vc_custom_1689193255658{margin-bottom: 0px !important;}""]\n              [vc_column_text]\n                Diámetro de rama máximo: 10 cm\nAltura de entrada: 115 cm\nDimensión de entrada: 34 x 47 cm\nAltura de salida: 155 cm\nDirección de salida: Trasera\n              [/vc_column_text]\n            [/vc_column_inner]\n            [vc_column_inner width=""1/2""]\n              [vc_column_text]\n                Barra de pánico: SI\nTransmisión: Toma de fuerza para tractor\nMetodo de corte: Trituradora de tambor\nPotencia de motor recomendada: 15 - 45 HP\nPotencia de motor recomendada (kw): 11 - 33 kw\nOtras Características: Sin Motor\nOrigen: China\n              [/vc_column_text]\n            [/vc_column_inner]\n          [/vc_row_inner]\n        [/vc_tta_section]\n        [vc_tta_section title=""Contenidos relacionados"" tab_id=""1689192497555-1a7f9476-9392""]\n          [vc_row_inner equal_height=""yes""]\n            \n    [vc_column_inner width=""1/3"" css="".vc_custom_1689259676385{padding-top: 20px !important;padding-bottom: 20px !important;}""]\n      [et_video_lightbox style=""lightbox-image"" animation="""" video=""https://www.youtube.com/watch?v=6DN9Yr1v4Ts&t=1s"" image=""1766""]\n    [/vc_column_inner]\n  \n    [vc_column_inner width=""1/3"" css="".vc_custom_1689259676385{padding-top: 20px !important;padding-bottom: 20px !important;}""]\n      [et_video_lightbox style=""lightbox-image"" animation="""" video=""https://www.youtube.com/watch?v=83yqisfVEuk "" image=""1766""]\n    [/vc_column_inner]\n  \n          [/vc_row_inner]\n        [/vc_tta_section]\n      [/vc_tta_accordion]\n    [/vc_column]\n  [/vc_row]",,,taxable,,1,1,,0,0,,,,,0,,,2247680,"AGRO Y FORRAJERÍA, AGRO Y FORRAJERÍA > Reducción de residuos orgánicos y bio masa > Chipeadoras, AGRO Y FORRAJERÍA > Reducción de residuos orgánicos y bio masa",,,https://tiendatool.com/wp-content/uploads/2023/09/1605160.png,,,,,,,,,0,
1954,simple,1605060,"Chipeadora GTM c motor incorporado GTS600C (Compo)",1,0,visible,"Trituradora de ramas y cultivos tanto húmedos como secos, compacta y poderosa.","\n  [vc_row]\n    [vc_column]\n      [vc_column_text]\n        Trituradora de ramas y cultivos tanto húmedos como secos, compacta y poderosa. Ideal para empresas de jardinería y usuarios particulares muy exigentes. Tritura sin esfuerzo ramas de hasta 5 cm de diámetro gracias a su eficiente sistema de corte de dos cuchillas en un tambor rotativo de metal y una contracuchilla montada en el chasis. Incluye motor.\n\n      [/vc_column_text]\n    [/vc_column]\n  [/vc_row]\n  [vc_row]\n    [vc_column]\n      [vc_tta_accordion active_section=""0""]\n        [vc_tta_section title=""Especificaciones técnicas"" tab_id=""1689192497545-d4489a26-6459""]\n          [vc_row_inner equal_height=""yes""]\n            [vc_column_inner width=""1/2"" css="".vc_custom_1689193255658{margin-bottom: 0px !important;}""]\n              [vc_column_text]\n                Motor: GTE 160\nPotencia (HP): 5 HP\nDiámetro de rama máximo: 5 cm\nAltura de entrada: 122 cm\nDimensión de entrada: 29 x 25 cm\nDirección de salida: Trasera baja\nBotón de emergencia: SI\n              [/vc_column_text]\n            [/vc_column_inner]\n            [vc_column_inner width=""1/2""]\n              [vc_column_text]\n                Ruedas: SI\nDiámetro de llantas: 39 cm\nTransmisión: Doble fajas V\nCantidad de cuchillas: 2\nTipo de cuchilla: Estandar\nPotencia de motor recomendada: 5 HP\nPotencia de motor recomendada (kw): 3.6 kw\nOtras Características: Con motor\nOrigen: China\n              [/vc_column_text]\n            [/vc_column_inner]\n          [/vc_row_inner]\n        [/vc_tta_section]\n        \n      [/vc_tta_accordion]\n    [/vc_column]\n  [/vc_row]",,,taxable,,1,1,,0,0,,,,,0,,,673100,"AGRO Y FORRAJERÍA, AGRO Y FORRAJERÍA > Reducción de residuos orgánicos y bio masa > Chipeadoras, AGRO Y FORRAJERÍA > Reducción de residuos orgánicos y bio masa",,,https://tiendatool.com/wp-content/uploads/2023/09/1605060_1.png,,,,,,,,,0,
1956,simple,1900100,"Motopisón Niwa MQNW-40. Motor Niwa 4HP. Fuerza de",1,0,visible,"La maquina mas vendida para obras de construcción. Este económico y confiable moto pisón con motor Niwa de 4,0 HP, es la herramienta de compactación más usada en la compactación de suelos.","\n  [vc_row]\n    [vc_column]\n      [vc_column_text]\n        La maquina mas vendida para obras de construcción. Este económico y confiable moto pisón con motor Niwa de 4,0 HP, es la herramienta de compactación más usada en la compactación de suelos. Su motor especifico de motopison (no es el clásico motor estacionario que derrama combustible), es fácilmente reparable. Esto junto al pie de aluminio y su rendimiento en obra, lo hacen la primera opción a la hora de elegir.\n\n      [/vc_column_text]\n    [/vc_column]\n  [/vc_row]\n  [vc_row]\n    [vc_column]\n      [vc_tta_accordion active_section=""0""]\n        [vc_tta_section title=""Especificaciones técnicas"" tab_id=""1689192497545-d4489a26-6459""]\n          [vc_row_inner equal_height=""yes""]\n            [vc_column_inner width=""1/2"" css="".vc_custom_1689193255658{margin-bottom: 0px !important;}""]\n              [vc_column_text]\n                Motor: Niwa\nPotencia (HP): 4 HP\nFuerza de impacto: 10 Kn\nTamaño de pie: 30 X 31 cm\n              [/vc_column_text]\n            [/vc_column_inner]\n            [vc_column_inner width=""1/2""]\n              [vc_column_text]\n                Capacidad de combustible: 2.8 lts\nSistema de admisión: Filtro de aire simple\nCarro de transporte: No incluído\nOrigen: China\nPeso Bruto: 76 Kg\n              [/vc_column_text]\n            [/vc_column_inner]\n          [/vc_row_inner]\n        [/vc_tta_section]\n        [vc_tta_section title=""Contenidos relacionados"" tab_id=""1689192497555-1a7f9476-9392""]\n          [vc_row_inner equal_height=""yes""]\n            \n    [vc_column_inner width=""1/3"" css="".vc_custom_1689259676385{padding-top: 20px !important;padding-bottom: 20px !important;}""]\n      [et_video_lightbox style=""lightbox-image"" animation="""" video=""https://www.youtube.com/watch?v=99-weg1TnY4"" image=""1766""]\n    [/vc_column_inner]\n  \n    [vc_column_inner width=""1/3"" css="".vc_custom_1689259676385{padding-top: 20px !important;padding-bottom: 20px !important;}""]\n      [et_video_lightbox style=""lightbox-image"" animation="""" video=""https://www.youtube.com/watch?v=ssMJCO1XWUQ "" image=""1766""]\n    [/vc_column_inner]\n  \n          [/vc_row_inner]\n        [/vc_tta_section]\n      [/vc_tta_accordion]\n    [/vc_column]\n  [/vc_row]",,,taxable,,1,1,,0,0,,,,,0,,,747800,"CONSTRUCCION, CONSTRUCCION > Línea compactación, CONSTRUCCION > Línea compactación > Motopisones",,,https://tiendatool.com/wp-content/uploads/2023/09/1900100.png,,,,,,,,,0,
1958,simple,1910110,"Plancha compactadora Niwa MCNW-65 c/tanque de agua",1,0,visible,"Esta plancha compactadora con tanque de agua, de 97 kg y 6,5 HP , es muy utilizada para trabajos de bacheo en pavimentos de asfalto, así como para trabajos de compactación hasta 0,30 m de espesor de suelo.","\n  [vc_row]\n    [vc_column]\n      [vc_column_text]\n        Esta plancha compactadora con tanque de agua, de 97 kg y 6,5 HP , es muy utilizada para trabajos de bacheo en pavimentos de asfalto, así como para trabajos de compactación hasta 0,30 m de espesor de suelo. Puede usarse en zanjas de 0,50 m de ancho.\n\n      [/vc_column_text]\n    [/vc_column]\n  [/vc_row]\n  [vc_row]\n    [vc_column]\n      [vc_tta_accordion active_section=""0""]\n        [vc_tta_section title=""Especificaciones técnicas"" tab_id=""1689192497545-d4489a26-6459""]\n          [vc_row_inner equal_height=""yes""]\n            [vc_column_inner width=""1/2"" css="".vc_custom_1689193255658{margin-bottom: 0px !important;}""]\n              [vc_column_text]\n                Motor: Niwa\nPotencia (HP): 6.5 HP\nFuerza máx. centrífuga: 13 Kn\nProfundidad de compactación: 30 cm\n              [/vc_column_text]\n            [/vc_column_inner]\n            [vc_column_inner width=""1/2""]\n              [vc_column_text]\n                Eficiencia: 660 m2/h\nTanque de agua: SI\nCapacidad de combustible: 3.6 lts\nAplicación: Asfalto / Suelo\nOrigen: China\nPeso Bruto: 82 Kg\n              [/vc_column_text]\n            [/vc_column_inner]\n          [/vc_row_inner]\n        [/vc_tta_section]\n        \n      [/vc_tta_accordion]\n    [/vc_column]\n  [/vc_row]",,,taxable,,1,1,,0,0,,,,,0,,,583140,"CONSTRUCCION, CONSTRUCCION > Línea compactación, CONSTRUCCION > Línea compactación > Planchas compactadoras",,,https://tiendatool.com/wp-content/uploads/2023/09/1910110.png,,,,,,,,,0,
1960,simple,1930400,"Cortadora de concreto/pavim Niwa M. Niwa CCNW-130",1,0,visible,"La cortadora mas vendida por tener la mejor relación precio / prestaciones.","\n  [vc_row]\n    [vc_column]\n      [vc_column_text]\n        La cortadora mas vendida por tener la mejor relación precio / prestaciones. Esta maquina a empuje, con motor Niwa de 13,0 HP, se utiliza tanto para aserrado de juntas con disco de 14"" como para demolición con discos de 18""\n\n      [/vc_column_text]\n    [/vc_column]\n  [/vc_row]\n  [vc_row]\n    [vc_column]\n      [vc_tta_accordion active_section=""0""]\n        [vc_tta_section title=""Especificaciones técnicas"" tab_id=""1689192497545-d4489a26-6459""]\n          [vc_row_inner equal_height=""yes""]\n            [vc_column_inner width=""1/2"" css="".vc_custom_1689193255658{margin-bottom: 0px !important;}""]\n              [vc_column_text]\n                Motor: Niwa\nPotencia (HP): 13 HP\nProfundidad de corte máx.: 140 mm\n              [/vc_column_text]\n            [/vc_column_inner]\n            [vc_column_inner width=""1/2""]\n              [vc_column_text]\n                Tamaño del disco: 300 - 450 mm\nPropulsión: A empuje\nDisco de corte: No incluído\nOrigen: China\nPeso Bruto: 130 Kg\n              [/vc_column_text]\n            [/vc_column_inner]\n          [/vc_row_inner]\n        [/vc_tta_section]\n        \n      [/vc_tta_accordion]\n    [/vc_column]\n  [/vc_row]",,,taxable,,1,1,,0,0,,,,,0,,,782100,"CONSTRUCCION, CONSTRUCCION > Línea Cortadora de concreto y demolición > Cortadoras de concreto de piso, CONSTRUCCION > Línea Cortadora de concreto y demolición",,,https://tiendatool.com/wp-content/uploads/2023/09/1930400.png,,,,,,,,,0,
1962,simple,7682101,"Cortadora de Potencia Husqvarna K770 967682101",1,0,visible,"La K770 es la ultima versión de la cortadora más vendida.","\n  [vc_row]\n    [vc_column]\n      [vc_column_text]\n        La K770 es la ultima versión de la cortadora más vendida. 5 HP para discos de 14"". La excelente relación entre potencia y peso, la fiabilidad del arranque y las vibraciones excepcionalmente bajas, dan como resultado menos esfuerzo y maximización del tiempo de trabajo. Ideal para corte de cañerías de agua, hormigón armado en general y como equipo de rescate de Bomberos.\n\n      [/vc_column_text]\n    [/vc_column]\n  [/vc_row]\n  [vc_row]\n    [vc_column]\n      [vc_tta_accordion active_section=""0""]\n        [vc_tta_section title=""Especificaciones técnicas"" tab_id=""1689192497545-d4489a26-6459""]\n          [vc_row_inner equal_height=""yes""]\n            [vc_column_inner width=""1/2"" css="".vc_custom_1689193255658{margin-bottom: 0px !important;}""]\n              [vc_column_text]\n                Cilindrada: 73.5 c.c.\nPotencia: 3.7 Kw\n              [/vc_column_text]\n            [/vc_column_inner]\n            [vc_column_inner width=""1/2""]\n              [vc_column_text]\n                Disco de corte: No incluído\nTamaño del disco: 350 mm\nNivel de ruido: 101 dB (A)\n              [/vc_column_text]\n            [/vc_column_inner]\n          [/vc_row_inner]\n        [/vc_tta_section]\n        \n      [/vc_tta_accordion]\n    [/vc_column]\n  [/vc_row]",,,taxable,,1,1,,0,0,,,,,0,,,810870,"CONSTRUCCION, CONSTRUCCION > Línea Cortadora de concreto y demolición > Cortadoras manuales, CONSTRUCCION > Línea Cortadora de concreto y demolición",,,https://tiendatool.com/wp-content/uploads/2023/09/7682101.png,,,,,,,,,0,
1964,simple,7278206,"Pulidora Husqvarna PG280 -967947501-",1,0,visible,"La PG280 es una robusta y practica pulidora monofásica de 280 mm de diámetro para preparación y limpieza de superficies con segmentos diamantados.","\n  [vc_row]\n    [vc_column]\n      [vc_column_text]\n        La PG280 es una robusta y practica pulidora monofásica de 280 mm de diámetro para preparación y limpieza de superficies con segmentos diamantados. Remueve eficientemente endurecedores, epoxi y pinturas. Logra acabados perfectos (planos y lisos). Adecuada para superficies de 100 - 200 m2. Ajustable para facilitar una posición ergonómica de trabajo, desarmable y plegable para facilitar el transporte e instalación. Se desmonta parte de la carcasa para llegar mas cerca en los bordes. Para un resultado optimo se recomienda el uso con la aspiradora Husqvarna DC 3000.\n\n      [/vc_column_text]\n    [/vc_column]\n  [/vc_row]\n  [vc_row]\n    [vc_column]\n      [vc_tta_accordion active_section=""0""]\n        [vc_tta_section title=""Especificaciones técnicas"" tab_id=""1689192497545-d4489a26-6459""]\n          [vc_row_inner equal_height=""yes""]\n            [vc_column_inner width=""1/2"" css="".vc_custom_1689193255658{margin-bottom: 0px !important;}""]\n              [vc_column_text]\n                Potencia (HP): 3 HP\nPotencia: 2.2 Kw\nSistema eléctrico: Monofásico\nAncho de pulido: 280 mm\n              [/vc_column_text]\n            [/vc_column_inner]\n            [vc_column_inner width=""1/2""]\n              [vc_column_text]\n                Cantidad de segmentos por plato: 12\nSegmentos de pulido/desbaste: No incluye\nOtros accesorios: Ver insumos aparte\nOtras Características: Plegable\nOrigen: China\n              [/vc_column_text]\n            [/vc_column_inner]\n          [/vc_row_inner]\n        [/vc_tta_section]\n        \n      [/vc_tta_accordion]\n    [/vc_column]\n  [/vc_row]",,,taxable,,1,1,,0,0,,,,,0,,,2160710,"CONSTRUCCION, CONSTRUCCION > Línea Preparación de superficies y pulido, CONSTRUCCION > Línea Preparación de superficies y pulido > Pulidoras/desbastadoras de piso",,,https://tiendatool.com/wp-content/uploads/2023/09/7278206.png,,,,,,,,,0,
1966,simple,5195613,"Pulidora Husqvarna PG820 - 965195613",1,0,visible,"La PG 820 es una de las pulidoras profesionales más potentes y eficientes de todo el mercado.","\n  [vc_row]\n    [vc_column]\n      [vc_column_text]\n        La PG 820 es una de las pulidoras profesionales más potentes y eficientes de todo el mercado. Con 820 mm de diámetro y dos motores, es la de mayor productividad para la remoción, preparación, reparación y pulido a espejo de pisos de hormigón HiPERFLOOR® de Husqvarna. Sistema planetario de tres cabezales, con control de velocidad e inversión de giro independientes entre el plato principal y satelitales. Indicada para superficies mayores a 1000 m2. Para un resultado optimo se recomienda el uso con la aspiradora Husqvarna DC 6000.\n\n      [/vc_column_text]\n    [/vc_column]\n  [/vc_row]\n  [vc_row]\n    [vc_column]\n      [vc_tta_accordion active_section=""0""]\n        [vc_tta_section title=""Especificaciones técnicas"" tab_id=""1689192497545-d4489a26-6459""]\n          [vc_row_inner equal_height=""yes""]\n            [vc_column_inner width=""1/2"" css="".vc_custom_1689193255658{margin-bottom: 0px !important;}""]\n              [vc_column_text]\n                Potencia (HP): 17 HP\nPotencia: 12.5 Kw\nSistema eléctrico: Trifásico\nAncho de pulido: 820 mm\n              [/vc_column_text]\n            [/vc_column_inner]\n            [vc_column_inner width=""1/2""]\n              [vc_column_text]\n                Cantidad de segmentos por plato: 6\nVariación de velocidad/giro: SI\nSegmentos de pulido/desbaste: No incluye\nOtros accesorios: Ver insumos aparte\nOrigen: China\n              [/vc_column_text]\n            [/vc_column_inner]\n          [/vc_row_inner]\n        [/vc_tta_section]\n        \n      [/vc_tta_accordion]\n    [/vc_column]\n  [/vc_row]",,,taxable,,1,1,,0,0,,,,,0,,,24096420,"CONSTRUCCION, CONSTRUCCION > Línea Preparación de superficies y pulido, CONSTRUCCION > Línea Preparación de superficies y pulido > Pulidoras/desbastadoras de piso",,,https://tiendatool.com/wp-content/uploads/2023/09/5195613.png,,,,,,,,,0,
1968,simple,1920200,"Allanadora Niwa ACNW-80 -0.90 m Motor Niwa 6.5 HP",1,0,visible,"La clásica allanadora de 0,90 m de diámetro, la mas vendida por ser la mas eficiente relación tamaño / rendimiento para obras medianas y grandes.","\n  [vc_row]\n    [vc_column]\n      [vc_column_text]\n        La clásica allanadora de 0,90 m de diámetro, la mas vendida por ser la mas eficiente relación tamaño / rendimiento para obras medianas y grandes\n\n      [/vc_column_text]\n    [/vc_column]\n  [/vc_row]\n  [vc_row]\n    [vc_column]\n      [vc_tta_accordion active_section=""0""]\n        [vc_tta_section title=""Especificaciones técnicas"" tab_id=""1689192497545-d4489a26-6459""]\n          [vc_row_inner equal_height=""yes""]\n            [vc_column_inner width=""1/2"" css="".vc_custom_1689193255658{margin-bottom: 0px !important;}""]\n              [vc_column_text]\n                Motor: Niwa\nPotencia (HP): 6.5 HP\n              [/vc_column_text]\n            [/vc_column_inner]\n            [vc_column_inner width=""1/2""]\n              [vc_column_text]\n                Cantidad de llanas: 4\nDiámetro de llaneado: 90 cm\nOrigen: China\nPeso Bruto: 75.6 Kg\n              [/vc_column_text]\n            [/vc_column_inner]\n          [/vc_row_inner]\n        [/vc_tta_section]\n        \n      [/vc_tta_accordion]\n    [/vc_column]\n  [/vc_row]",,,taxable,,1,1,,0,0,,,,,0,,,590000,"CONSTRUCCION > Línea Terminado de concreto > Allanadoras y alisadoras, CONSTRUCCION, CONSTRUCCION > Línea Terminado de concreto",,,https://tiendatool.com/wp-content/uploads/2023/09/1920200.png,,,,,,,,,0,
1970,simple,1940000,"Vibrador de concreto VCNW-55 Motor Niwa s/cabezal",1,0,visible,"Esta unidad motriz de 5,5 HP y 3000 RPM para vibradores de inmersión, es la \nque ofrece la mejor relación costo/prestaciones.","\n  [vc_row]\n    [vc_column]\n      [vc_column_text]\n        Esta unidad motriz de 5,5 HP y 3000 RPM para vibradores de inmersión, es la \nque ofrece la mejor relación costo/prestaciones. Tiene conexión Dynapac \napta para cabezales de 38/ 45 / 50 / 70 mm, así como también para las \nbombas sumergibles Niwa.\n\n      [/vc_column_text]\n    [/vc_column]\n  [/vc_row]\n  [vc_row]\n    [vc_column]\n      [vc_tta_accordion active_section=""0""]\n        [vc_tta_section title=""Especificaciones técnicas"" tab_id=""1689192497545-d4489a26-6459""]\n          [vc_row_inner equal_height=""yes""]\n            [vc_column_inner width=""1/2"" css="".vc_custom_1689193255658{margin-bottom: 0px !important;}""]\n              [vc_column_text]\n                Motor: Niwa\nPotencia (HP): 5.5 HP\nVibración: 12000 vpm\n              [/vc_column_text]\n            [/vc_column_inner]\n            [vc_column_inner width=""1/2""]\n              [vc_column_text]\n                Tipo de encastre: Malasia/Dynapac\nPara cabezales (diámetro): 38 - 45 - 50 - 70 mm\nTransmisión y cabezal: No incluído\nOrigen: China\nPeso Bruto: 25 Kg\n              [/vc_column_text]\n            [/vc_column_inner]\n          [/vc_row_inner]\n        [/vc_tta_section]\n        \n      [/vc_tta_accordion]\n    [/vc_column]\n  [/vc_row]",,,taxable,,1,1,,0,0,,,,,0,,,171510,"CONSTRUCCION, CONSTRUCCION > Línea Terminado de concreto, CONSTRUCCION > Línea Terminado de concreto > Motovibradores de concreto",,,https://tiendatool.com/wp-content/uploads/2023/09/1940000.png,,,,,,,,,0,
1972,simple,1913000,"Regla Vibratoria Niwa RLNW-12 S/REGLA p/un Hombre",1,0,visible,"Esta practica regla vibratoria de 4 tiempos le confiere una terminación \nperfecta al hormigón.","\n  [vc_row]\n    [vc_column]\n      [vc_column_text]\n        Esta practica regla vibratoria de 4 tiempos le confiere una terminación \nperfecta al hormigón. Una herramienta infaltable para quienes buscan la \nterminación ideal. La unidad motriz puede combinarse con reglas de 1,22, \n1,83, 2,44 y 3,05 m de longitud.\n\n      [/vc_column_text]\n    [/vc_column]\n  [/vc_row]\n  [vc_row]\n    [vc_column]\n      [vc_tta_accordion active_section=""0""]\n        [vc_tta_section title=""Especificaciones técnicas"" tab_id=""1689192497545-d4489a26-6459""]\n          [vc_row_inner equal_height=""yes""]\n            [vc_column_inner width=""1/2"" css="".vc_custom_1689193255658{margin-bottom: 0px !important;}""]\n              [vc_column_text]\n                Motor: Niwa 4T\nCilindrada: 31 c.c.\nProfundidad de trabajo: 20 cm\n              [/vc_column_text]\n            [/vc_column_inner]\n            [vc_column_inner width=""1/2""]\n              [vc_column_text]\n                Reglas: No incluída\nTamaño de regla: 1,22 / 1,88 / 2,44 / 3 m\nOrigen: China\nPeso Bruto: 30 Kg\n              [/vc_column_text]\n            [/vc_column_inner]\n          [/vc_row_inner]\n        [/vc_tta_section]\n        \n      [/vc_tta_accordion]\n    [/vc_column]\n  [/vc_row]",,,taxable,,1,1,,0,0,,,,,0,,,363610,"CONSTRUCCION, CONSTRUCCION > Línea Terminado de concreto, CONSTRUCCION > Línea Terminado de concreto > Reglas Vibratorias (unidad motriz)",,,https://tiendatool.com/wp-content/uploads/2023/09/1913000.png,,,,,,,,,0,
1974,simple,1020224,"Compresor Niwa Alta Recup. 2HP x 24Lt (ANW-2/24)",1,0,visible,"Compresor de alta recuperación, para uso domestico, bicicleteria o pequeño \ntaller, Ideal para llevar a cabo múltiples tareas domésticas como inflar \ncubiertas de autos o bicicletas, pelotas deportivas, piletas o colchones de \naire, cuenta con ruedas de recubiertas en caucho para facilitar su \ntransporte, bajo mantenimiento y fácil de instalar.","\n  [vc_row]\n    [vc_column]\n      [vc_column_text]\n        Compresor de alta recuperación, para uso domestico, bicicleteria o pequeño \ntaller, Ideal para llevar a cabo múltiples tareas domésticas como inflar \ncubiertas de autos o bicicletas, pelotas deportivas, piletas o colchones de \naire, cuenta con ruedas de recubiertas en caucho para facilitar su \ntransporte, bajo mantenimiento y fácil de instalar\n\n      [/vc_column_text]\n    [/vc_column]\n  [/vc_row]\n  [vc_row]\n    [vc_column]\n      [vc_tta_accordion active_section=""0""]\n        [vc_tta_section title=""Especificaciones técnicas"" tab_id=""1689192497545-d4489a26-6459""]\n          [vc_row_inner equal_height=""yes""]\n            [vc_column_inner width=""1/2"" css="".vc_custom_1689193255658{margin-bottom: 0px !important;}""]\n              [vc_column_text]\n                Potencia (HP): 2 HP\nCilindros: Monocilíndrico\nSistema eléctrico: Monofásico\n              [/vc_column_text]\n            [/vc_column_inner]\n            [vc_column_inner width=""1/2""]\n              [vc_column_text]\n                Flujo de aire: 192 lts/min\nCapacidad del tanque: 24 lts\nRuedas: SI\nOrigen: China\nPeso Bruto: 25 Kg\n              [/vc_column_text]\n            [/vc_column_inner]\n          [/vc_row_inner]\n        [/vc_tta_section]\n        \n      [/vc_tta_accordion]\n    [/vc_column]\n  [/vc_row]",,,taxable,,1,1,,0,0,,,,,0,,,84390,"FERRETERIA > Aire, FERRETERIA > Aire > Compresores de alta recuperación, FERRETERIA",,,https://tiendatool.com/wp-content/uploads/2023/09/1020224.png,,,,,,,,,0,
1976,simple,1020250,"Compresor Niwa Alta Recup. 2.5HPx50Lt (ANW-2.5/50)",1,0,visible,"Compresor de alta recuperación, el mas vendido, para pequeño taller o \nbicicleteria.","\n  [vc_row]\n    [vc_column]\n      [vc_column_text]\n        Compresor de alta recuperación, el mas vendido, para pequeño taller o \nbicicleteria. El preferido de los bicicleteros, infla cubiertas de autos o \nbicicletas, pelotas de todo tipo piletas o colchones de aire. De fácil \ntraslado gracias a sus ruedas recubiertas en caucho, Muy fácil de instalar \ny requiere bajo mantenimiento\n\n      [/vc_column_text]\n    [/vc_column]\n  [/vc_row]\n  [vc_row]\n    [vc_column]\n      [vc_tta_accordion active_section=""0""]\n        [vc_tta_section title=""Especificaciones técnicas"" tab_id=""1689192497545-d4489a26-6459""]\n          [vc_row_inner equal_height=""yes""]\n            [vc_column_inner width=""1/2"" css="".vc_custom_1689193255658{margin-bottom: 0px !important;}""]\n              [vc_column_text]\n                Potencia (HP): 2.5 HP\nCilindros: Monocilíndrico\nSistema eléctrico: Monofásico\n              [/vc_column_text]\n            [/vc_column_inner]\n            [vc_column_inner width=""1/2""]\n              [vc_column_text]\n                Flujo de aire: 192 lts/min\nCapacidad del tanque: 50 lts\nRuedas: SI\nOrigen: China\nPeso Bruto: 32 Kg\n              [/vc_column_text]\n            [/vc_column_inner]\n          [/vc_row_inner]\n        [/vc_tta_section]\n        \n      [/vc_tta_accordion]\n    [/vc_column]\n  [/vc_row]",,,taxable,,1,1,,0,0,,,,,0,,,102910,"FERRETERIA > Aire, FERRETERIA > Aire > Compresores de alta recuperación, FERRETERIA",,,https://tiendatool.com/wp-content/uploads/2023/09/1020250.png,,,,,,,,,0,
1978,simple,6007718,"Sierra de Met. a bat Metabo MKS18 LTX58(600771840)",1,0,visible,"Sierra circular a batería 18 V para corte de metal en frio.","\n  [vc_row]\n    [vc_column]\n      [vc_column_text]\n        Sierra circular a batería 18 V para corte de metal en frio. Cortes rápidos \ny precisos de tubos, perfiles, canales, rejillas metálicas y chapas. Sin \nchispas ni rebabas. Ajuste de profundidad. Ajuste de profundidad.\n\n      [/vc_column_text]\n    [/vc_column]\n  [/vc_row]\n  [vc_row]\n    [vc_column]\n      [vc_tta_accordion active_section=""0""]\n        [vc_tta_section title=""Especificaciones técnicas"" tab_id=""1689192497545-d4489a26-6459""]\n          [vc_row_inner equal_height=""yes""]\n            [vc_column_inner width=""1/2"" css="".vc_custom_1689193255658{margin-bottom: 0px !important;}""]\n              [vc_column_text]\n                Tipo de batería: Li-Ion / LiHD\nTensión de la batería: 18 V\nProfundidad de corte ajustable: 0-58 mm\nProfundidad máx. de corte en 90°: 58 mm\nØ de la hoja de sierra x perforación: 165x20 mm\n              [/vc_column_text]\n            [/vc_column_inner]\n            [vc_column_inner width=""1/2""]\n              [vc_column_text]\n                Luz de trabajo led: No\nPeso (con batería): 3.7 kg\nSeguro contra arranque involuntario: SI\nCambio rápido de herramienta: SI\nControl de arranque: SI\nAcople de batería CAS: SI\n              [/vc_column_text]\n            [/vc_column_inner]\n          [/vc_row_inner]\n        [/vc_tta_section]\n        \n      [/vc_tta_accordion]\n    [/vc_column]\n  [/vc_row]",,,taxable,,1,1,,0,0,,,,,0,,,342190,"FERRETERIA, FERRETERIA > Herramientas eléctrica a Batería, FERRETERIA > Herramientas eléctrica a Batería > Herramientas especiales a batería",,,https://tiendatool.com/wp-content/uploads/2023/09/6007718.png,,,,,,,,,0,
1980,simple,6064752,"Amoladora Metabo WE 26-230 MVT Quick (606475260)",1,0,visible,"Amoladora angular de 9” con motor Marathon de Metabo, que me brinda una mayor protección contra el ingreso de polvo al interior de máquina, con carbones auto desconectantes, aumentando su vida útil.","\n  [vc_row]\n    [vc_column]\n      [vc_column_text]\n        Amoladora angular de 9” con motor Marathon de Metabo, que me brinda una mayor protección contra el ingreso de polvo al interior de máquina, con carbones auto desconectantes, aumentando su vida útil. Este equipo cuenta con un aviso led que indica la protección contra arranque involuntario y sobrecarga, e interruptor tipo paleta, lo que lo hacen a muy seguro. Empuñadura delantera anti vibratoria, para un trabajo más cómodo. Cuenta con empuñadura trasera rotativa. Cubierta protectora ajustable sin herramienta.\n\n\n      [/vc_column_text]\n    [/vc_column]\n  [/vc_row]\n  [vc_row]\n    [vc_column]\n      [vc_tta_accordion active_section=""0""]\n        [vc_tta_section title=""Especificaciones técnicas"" tab_id=""1689192497545-d4489a26-6459""]\n          [vc_row_inner equal_height=""yes""]\n            [vc_column_inner width=""1/2"" css="".vc_custom_1689193255658{margin-bottom: 0px !important;}""]\n              [vc_column_text]\n                Potencia absorbida: 2600 W\nPotencia entregada: 1800 W\nFactor de eficiencia: 70 %\nVelocidad en vacío: 8500 RPM\nVelocidad bajo carga: 6000 RPM\nTorque: 17 Nm\nDíametro de disco de corte: 230 mm\nEje: M14\nTipo de motor: Marathon\nRecubrimiento del bobinado: Epoxi\n              [/vc_column_text]\n            [/vc_column_inner]\n            [vc_column_inner width=""1/2""]\n              [vc_column_text]\n                Empuñadura con reduc. de vibraciones: SI\nEmpuñadura rotable: SI\nInterruptor: Fijo\nCambio de disco sin llave: SI\nGuarda sin llave: SI\nVibraciones: 6,2 m/s2\nNivel de ruido: 96 dB (A)\nInterruptor tipo paleta: SI\nPeso: 5,8 Kg\nLongitud del cable: 4 m\nMango antivibratorio: SI\n              [/vc_column_text]\n            [/vc_column_inner]\n          [/vc_row_inner]\n        [/vc_tta_section]\n        \n      [/vc_tta_accordion]\n    [/vc_column]\n  [/vc_row]",,,taxable,,1,1,,0,0,,,,,0,,,252570,"FERRETERIA > Herramientas electrica con cable > Amoladoras angulares, FERRETERIA, FERRETERIA > Herramientas electrica con cable",,,https://tiendatool.com/wp-content/uploads/2023/09/6064752.png,,,,,,,,,0,
1982,simple,6193050,"Ingletadora Metabo KGS 305 M (619305000)",1,0,visible,"Ingletadora (con función de tracción) 2000W.","\n  [vc_row]\n    [vc_column]\n      [vc_column_text]\n        Ingletadora (con función de tracción) 2000W. Hoja de sierra Ø 305 x 30 mm. \nCapacidad de corte 90°/90°: 305 x 105 mm. Capacidad de corte 45°/45°: 205 x \n67 mm. Aspiración de viruta. Laser para indicar línea de corte. Luz LED de \ntrabajo. Pinza para fijación de pieza.\n\n      [/vc_column_text]\n    [/vc_column]\n  [/vc_row]\n  [vc_row]\n    [vc_column]\n      [vc_tta_accordion active_section=""0""]\n        [vc_tta_section title=""Especificaciones técnicas"" tab_id=""1689192497545-d4489a26-6459""]\n          [vc_row_inner equal_height=""yes""]\n            [vc_column_inner width=""1/2"" css="".vc_custom_1689193255658{margin-bottom: 0px !important;}""]\n              [vc_column_text]\n                Dimensiones: 850x515x615 mm\nCapacidad de corte 90°/90°: 305x105 mm\nCapacidad de corte 45°/45°: 205x67 mm\nReg. plato giratorio izq./dcha.: 47/47 °\nInclinación de la hoja de sierra izq./dcha.: 47/2 °\nDiámetro de hoja de sierra: 305x30 mm\nPotencia absorbida: 1600/2000 W\nRevoluciones marcha en vacío: 3700 rpm\n              [/vc_column_text]\n            [/vc_column_inner]\n            [vc_column_inner width=""1/2""]\n              [vc_column_text]\n                Función tracción de piezas: SI\nLaser indicador de línea de corte: SI\nLuz de trabajo led: SI\nProtección contra polvo: SI\nArranque suave (progresivo): SI\nSistema de frenado rápido: SI\nIncluye disco: SI\nCantidad de dientes del disco: 48\nPeso: 19.6 Kg\nLongitud del cable: 2 m\n              [/vc_column_text]\n            [/vc_column_inner]\n          [/vc_row_inner]\n        [/vc_tta_section]\n        \n      [/vc_tta_accordion]\n    [/vc_column]\n  [/vc_row]",,,taxable,,1,1,,0,0,,,,,0,,,499950,"FERRETERIA, FERRETERIA > Herramientas electrica con cable, FERRETERIA > Herramientas electrica con cable > Maq. semiestacionarias para trab. madera",,,https://tiendatool.com/wp-content/uploads/2023/09/6193050.png,,,,,,,,,0,
1984,simple,1031520,"Sierra circular de mesa Metabo TKHS 315C 2.00 WN",1,0,visible,"Robusta sierra de mesa circular, con motor de inducción silencioso con \nfreno motor y protección contra sobrecarga - libre de mantenimiento y \nrobusto, con disco de Ø 315 mm de diámetro regulable es altura hasta 85 mm \ny con una inclinación máx.","\n  [vc_row]\n    [vc_column]\n      [vc_column_text]\n        Robusta sierra de mesa circular, con motor de inducción silencioso con \nfreno motor y protección contra sobrecarga - libre de mantenimiento y \nrobusto, con disco de Ø 315 mm de diámetro regulable es altura hasta 85 mm \ny con una inclinación máx. de 45° de corte , incluye una mesa plegable que \npermite expandir el largo de corte hasta 1650 mm. Con seguro contra puesta \nen marcha involuntaria. Guía para cortes longitudinal y en inglete. Ideal \npara cortes de maderas escuadradas, tablas, planchas y materiales similares.\n\n      [/vc_column_text]\n    [/vc_column]\n  [/vc_row]\n  [vc_row]\n    [vc_column]\n      [vc_tta_accordion active_section=""0""]\n        [vc_tta_section title=""Especificaciones técnicas"" tab_id=""1689192497545-d4489a26-6459""]\n          [vc_row_inner equal_height=""yes""]\n            [vc_column_inner width=""1/2"" css="".vc_custom_1689193255658{margin-bottom: 0px !important;}""]\n              [vc_column_text]\n                Dimensiones: 1650 x 650 x 1000 mm\nCapacidad de corte 90°/90°: 85 mm\nCapacidad de corte 45°/45°: 60 mm\nReg. plato giratorio izq./dcha.: 0/+45 ° °\nDiámetro de hoja de sierra: 315X30 mm\nPotencia absorbida: 2000 W\nRevoluciones marcha en vacío: 2980 rpm\nVelocidad de corte por minuto: 50 Cort/min\nFunción tracción de piezas: SI\n              [/vc_column_text]\n            [/vc_column_inner]\n            [vc_column_inner width=""1/2""]\n              [vc_column_text]\n                Incluye disco: SI\nCantidad de dientes del disco: 24 dientes\nPeso: 62 Kg\nLongitud del cable: 2 m\nSeguro contra arranque involuntario: SI\nAltura de trabajo: 850 mm\nAltura de corte: 0-85 mm\nMáxima anchura de corte en el tope paralelo: 290\nAncho del material máximo en el tope angular: 220\nLargo total de la mesa con extensión: 800x550 mm\n              [/vc_column_text]\n            [/vc_column_inner]\n          [/vc_row_inner]\n        [/vc_tta_section]\n        \n      [/vc_tta_accordion]\n    [/vc_column]\n  [/vc_row]",,,taxable,,1,1,,0,0,,,,,0,,,483710,"FERRETERIA, FERRETERIA > Herramientas electrica con cable, FERRETERIA > Herramientas electrica con cable > Maq. semiestacionarias para trab. madera",,,https://tiendatool.com/wp-content/uploads/2023/09/1031520.png,,,,,,,,,0,
1986,simple,6006365,"Taladro c/base magnética Metabo MAG 50 (600636570)",1,0,visible,"Taladradora electromagnética de gran potencia con gran recorrido para la \nperforación con saca núcleos y la perforación completa.","\n  [vc_row]\n    [vc_column]\n      [vc_column_text]\n        Taladradora electromagnética de gran potencia con gran recorrido para la \nperforación con saca núcleos y la perforación completa. Con sistema \nelectrónico y giro a la derecha e izquierda para tallar roscas, frotar y \navellanar. Marcha a la derecha/izquierda para roscar con macho. Depósito de \nrefrigerante integrado. Luz LED clara para facilitar el centrado en \ncondiciones de poca luz.\n\n      [/vc_column_text]\n    [/vc_column]\n  [/vc_row]\n  [vc_row]\n    [vc_column]\n      [vc_tta_accordion active_section=""0""]\n        [vc_tta_section title=""Especificaciones técnicas"" tab_id=""1689192497545-d4489a26-6459""]\n          [vc_row_inner equal_height=""yes""]\n            [vc_column_inner width=""1/2"" css="".vc_custom_1689193255658{margin-bottom: 0px !important;}""]\n              [vc_column_text]\n                Potencia absorbida: 1200 W\nPotencia entregada: 620 W\nØ máx. perforación con broca hueca: 50 mm\nØ máx. perforación con broca espiral: 20 mm\nProfundidad máxima de perforación: 50 mm\nRoscado con macho: M 16\nRevoluciones marcha en vacío: 100 - 250 / 200 - 450 rpm\n              [/vc_column_text]\n            [/vc_column_inner]\n            [vc_column_inner width=""1/2""]\n              [vc_column_text]\n                Alojamiento de la herramienta: cono morse MK 2, vástago Weldon de 19\nLuz de trabajo led: Si\nPeso: 12.7 Kg\nLongitud del cable: 5 m\nCarrera máx.: 160 mm\nMáx. fuerza de sujeción del imán: 12250 N\nDimensiones de la base magnética: 90 x 190 mm\nAltura carro posición inferior: 457 mm\nAltura carro posición superior: 610 mm\n              [/vc_column_text]\n            [/vc_column_inner]\n          [/vc_row_inner]\n        [/vc_tta_section]\n        \n      [/vc_tta_accordion]\n    [/vc_column]\n  [/vc_row]",,,taxable,,1,1,,0,0,,,,,0,,,1560960,"FERRETERIA, FERRETERIA > Herramientas electrica con cable, FERRETERIA > Herramientas electrica con cable > Taladros\, atornilladores\, martillos y demoledores",,,https://tiendatool.com/wp-content/uploads/2023/09/6006365.png,,,,,,,,,0,
1988,simple,6041195,"Llave ratchet neumática Set Metabo DRS 68",1,0,visible,"Llave crique de diseño ergonómico y compacta, con inversor de giro \nderecha-izquierda, con velocidad variable.","\n  [vc_row]\n    [vc_column]\n      [vc_column_text]\n        Llave crique de diseño ergonómico y compacta, con inversor de giro \nderecha-izquierda, con velocidad variable. Carcasa con protección de goma \nanti deslizante y aislante. Incluye set de tubos de impacto (9, 10, 11, \n13,14, 17, 19 mm), prolongación de 75 mm y junta tipo cada. Incluye maletín \nProfesional.\n\n      [/vc_column_text]\n    [/vc_column]\n  [/vc_row]\n  [vc_row]\n    [vc_column]\n      [vc_tta_accordion active_section=""0""]\n        [vc_tta_section title=""Especificaciones técnicas"" tab_id=""1689192497545-d4489a26-6459""]\n          [vc_row_inner equal_height=""yes""]\n            [vc_column_inner width=""1/2"" css="".vc_custom_1689193255658{margin-bottom: 0px !important;}""]\n              [vc_column_text]\n                \n              [/vc_column_text]\n            [/vc_column_inner]\n            [vc_column_inner width=""1/2""]\n              [vc_column_text]\n                #N/A: #N/A\n              [/vc_column_text]\n            [/vc_column_inner]\n          [/vc_row_inner]\n        [/vc_tta_section]\n        \n      [/vc_tta_accordion]\n    [/vc_column]\n  [/vc_row]",,,taxable,,1,1,,0,0,,,,,0,,,129020,"FERRETERIA > Herramientas neumáticas > Atornilladores\, Llaves Rachet y de impacto, FERRETERIA, FERRETERIA > Herramientas neumáticas",,,https://tiendatool.com/wp-content/uploads/2023/09/6041195.png,,,,,,,,,0,
1990,simple,6041185,"Llave de impacto neumática Set Metabo DSSW 360",1,0,visible,"Llave de impacto neumática con encastre de 1/2"", robusta, con agarre \nergonómico revestido en goma.","\n  [vc_row]\n    [vc_column]\n      [vc_column_text]\n        Llave de impacto neumática con encastre de 1/2"", robusta, con agarre \nergonómico revestido en goma. Entrega 410 Nm de ajuste y 630 Nm de \ndesajuste de tuercas, para aplicaciones tales como ajustar/desajustar \nbulones o tuercas de rueda en vehículos o maquinas agrícolas, para montaje \nde estructuras y reparaciones en general. Incluye set de tubos de impacto \nde 10, 11, 13, 14, 17, 19, 21, 22, 24, 27 mm, prolongador, adaptador para \ntubo de 10 milímetros. Incluye maletín profesional.\n\n      [/vc_column_text]\n    [/vc_column]\n  [/vc_row]\n  [vc_row]\n    [vc_column]\n      [vc_tta_accordion active_section=""0""]\n        [vc_tta_section title=""Especificaciones técnicas"" tab_id=""1689192497545-d4489a26-6459""]\n          [vc_row_inner equal_height=""yes""]\n            [vc_column_inner width=""1/2"" css="".vc_custom_1689193255658{margin-bottom: 0px !important;}""]\n              [vc_column_text]\n                Presión de trabajo: 6,2 Bar\nDemanda de aire: 360 l/min\n              [/vc_column_text]\n            [/vc_column_inner]\n            [vc_column_inner width=""1/2""]\n              [vc_column_text]\n                Torque máx.: 410 Nm\nTorque máximo en reversa: 630 N/m\nPeso: 2 Kg\n              [/vc_column_text]\n            [/vc_column_inner]\n          [/vc_row_inner]\n        [/vc_tta_section]\n        \n      [/vc_tta_accordion]\n    [/vc_column]\n  [/vc_row]",,,taxable,,1,1,,0,0,,,,,0,,,97060,"FERRETERIA > Herramientas neumáticas > Atornilladores\, Llaves Rachet y de impacto, FERRETERIA, FERRETERIA > Herramientas neumáticas",,,https://tiendatool.com/wp-content/uploads/2023/09/6041185.png,,,,,,,,,0,
1992,simple,1450001,"Mascara fotosensible NIWA START",1,0,visible,"Máscara fotosensible.","\n  [vc_row]\n    [vc_column]\n      [vc_column_text]\n        Máscara fotosensible. Sin regulación. DIN 4/13. Área de visión 91x35 mm. \nCarga solar con asistencia de batería. Visor rebatible para amolado.\n\n      [/vc_column_text]\n    [/vc_column]\n  [/vc_row]\n  [vc_row]\n    [vc_column]\n      [vc_tta_accordion active_section=""0""]\n        [vc_tta_section title=""Especificaciones técnicas"" tab_id=""1689192497545-d4489a26-6459""]\n          [vc_row_inner equal_height=""yes""]\n            [vc_column_inner width=""1/2"" css="".vc_custom_1689193255658{margin-bottom: 0px !important;}""]\n              [vc_column_text]\n                Normas: CE/EN175B/EN379/EN166\nClasificación óptica según CE: 1/1/1/2\nÁrea de visión: 91 x 35 mm\nTamaño cassette: 110 x 90 x 8,5 mm\nSensores: 2\nRegulación de sombra: DIN 4/13 Fijo\n              [/vc_column_text]\n            [/vc_column_inner]\n            [vc_column_inner width=""1/2""]\n              [vc_column_text]\n                Modo amolado: No\nTiempo de claro a oscuro: <0,1 ms\nTiempo de oscuro a claro: 0,3 Fijo s\nProtección UV-IR: DIN 16\nIndicador de batería baja: No\nApta para soldadura TIG: Si\nTemperatura de operación: -10 °C / + 60 °C °C\nAlimentación: Celdas solares y batería de iones\n              [/vc_column_text]\n            [/vc_column_inner]\n          [/vc_row_inner]\n        [/vc_tta_section]\n        \n      [/vc_tta_accordion]\n    [/vc_column]\n  [/vc_row]",,,taxable,,1,1,,0,0,,,,,0,,,10290,"FERRETERIA, FERRETERIA > Soldadura > Máscaras fotosensibles, FERRETERIA > Soldadura",,,https://tiendatool.com/wp-content/uploads/2023/09/1450001_4.png,,,,,,,,,0,
1994,simple,1400160,"Soldadora Inverter Niwa MMA-160",1,0,visible,"La MMA-160 es un todo terreno ideal para tener en una casa o pequeño \ntaller, muy compacto y liviano, entra en el baúl de un auto, elegido por el \nusuario inexperto, no necesita ser regulada, coloca el electrodo, apoya \nsobre la pieza, separa y estas soldando.","\n  [vc_row]\n    [vc_column]\n      [vc_column_text]\n        La MMA-160 es un todo terreno ideal para tener en una casa o pequeño \ntaller, muy compacto y liviano, entra en el baúl de un auto, elegido por el \nusuario inexperto, no necesita ser regulada, coloca el electrodo, apoya \nsobre la pieza, separa y estas soldando.\n\n      [/vc_column_text]\n    [/vc_column]\n  [/vc_row]\n  [vc_row]\n    [vc_column]\n      [vc_tta_accordion active_section=""0""]\n        [vc_tta_section title=""Especificaciones técnicas"" tab_id=""1689192497545-d4489a26-6459""]\n          [vc_row_inner equal_height=""yes""]\n            [vc_column_inner width=""1/2"" css="".vc_custom_1689193255658{margin-bottom: 0px !important;}""]\n              [vc_column_text]\n                Tipo: MMA\nSistema eléctrico: Monofásica\nTecnología: Inverter\nRango de alimentación: 160V-275V\nCiclo de trabajo: 160A al 25% (40°C)\nFrecuencia: 50/60 Hz\n              [/vc_column_text]\n            [/vc_column_inner]\n            [vc_column_inner width=""1/2""]\n              [vc_column_text]\n                Electrodo tipo Rutílico: SI\nDiámetro de electrodo: 1,6 y 4 mm\nPinza portaelectrodos: 200A\nPinza de masa: SI\nApto para generadores: SI\nOrigen: China\nPeso Bruto: 3.2 Kg\n              [/vc_column_text]\n            [/vc_column_inner]\n          [/vc_row_inner]\n        [/vc_tta_section]\n        \n      [/vc_tta_accordion]\n    [/vc_column]\n  [/vc_row]",,,taxable,,1,1,,0,0,,,,,0,,,105700,"FERRETERIA, FERRETERIA > Soldadura > Soldadoras MMA monofásicas, FERRETERIA > Soldadura",,,https://tiendatool.com/wp-content/uploads/2023/09/1400160_1.png,,,,,,,,,0,
1996,simple,1133327,"Podador de altura Niwa extensible JNW-27 (27,2 cc)",1,0,visible,"Si querés llegar lejos, no te puede faltar esta maravillosa herramienta de \npoda.","\n  [vc_row]\n    [vc_column]\n      [vc_column_text]\n        Si querés llegar lejos, no te puede faltar esta maravillosa herramienta de \npoda. La Niwa JNW-27 está equipada con un largo tubo telescópico de 4,3 \nmetros de alcance, que gracias a su diseño ligero y equilibrado, vas a \npoder llegar, con poco esfuerzo, a las ramas más lejanas.\n\n      [/vc_column_text]\n    [/vc_column]\n  [/vc_row]\n  [vc_row]\n    [vc_column]\n      [vc_tta_accordion active_section=""0""]\n        [vc_tta_section title=""Especificaciones técnicas"" tab_id=""1689192497545-d4489a26-6459""]\n          [vc_row_inner equal_height=""yes""]\n            [vc_column_inner width=""1/2"" css="".vc_custom_1689193255658{margin-bottom: 0px !important;}""]\n              [vc_column_text]\n                Cilindrada: 27 c.c.\nPotencia: 0.7 Kw\nCapacidad de combustible: 0.7 lts\nTamaño de Espada: 10 ""\n              [/vc_column_text]\n            [/vc_column_inner]\n            [vc_column_inner width=""1/2""]\n              [vc_column_text]\n                Calibre: 1.3 mm\nAltura de la transmisión: 430 cm\nTipo de uso: Ocasional/Rural\nOrigen: China\nPeso Bruto: 8 Kg\n              [/vc_column_text]\n            [/vc_column_inner]\n          [/vc_row_inner]\n        [/vc_tta_section]\n        \n      [/vc_tta_accordion]\n    [/vc_column]\n  [/vc_row]",,,taxable,,1,1,,0,0,,,,,0,,,170150,"BOSQUE Y JARDIN, BOSQUE Y JARDIN > Poda y Jardinería, BOSQUE Y JARDIN > Poda y Jardinería > Podadora de altura",,,https://tiendatool.com/wp-content/uploads/2023/09/1133327.png,,,,,,,,,0,
1998,simple,1133340,"Podadora de alt Niwa (JNW-33) 33 cc, 26 cm corte",1,0,visible,"Esta particular herramienta tiene el beneficio de poder trabajar en altura \nsin subir escaleras o andamios, gracias a su transmisión que puede llegar \nalto con el menor esfuerzo.","\n  [vc_row]\n    [vc_column]\n      [vc_column_text]\n        Esta particular herramienta tiene el beneficio de poder trabajar en altura \nsin subir escaleras o andamios, gracias a su transmisión que puede llegar \nalto con el menor esfuerzo.\n\n      [/vc_column_text]\n    [/vc_column]\n  [/vc_row]\n  [vc_row]\n    [vc_column]\n      [vc_tta_accordion active_section=""0""]\n        [vc_tta_section title=""Especificaciones técnicas"" tab_id=""1689192497545-d4489a26-6459""]\n          [vc_row_inner equal_height=""yes""]\n            [vc_column_inner width=""1/2"" css="".vc_custom_1689193255658{margin-bottom: 0px !important;}""]\n              [vc_column_text]\n                Cilindrada: 33 c.c.\nPotencia: 0.9 Kw\nCapacidad de combustible: 1 lts\n              [/vc_column_text]\n            [/vc_column_inner]\n            [vc_column_inner width=""1/2""]\n              [vc_column_text]\n                Paso de la cadena: 3/8 LP\nCalibre: 1.3 mm\nTipo de uso: Ocasional/Rural\nOrigen: China\nPeso Bruto: 10 Kg\n              [/vc_column_text]\n            [/vc_column_inner]\n          [/vc_row_inner]\n        [/vc_tta_section]\n        \n      [/vc_tta_accordion]\n    [/vc_column]\n  [/vc_row]",,,taxable,,1,1,,0,0,,,,,0,,,152310,"BOSQUE Y JARDIN, BOSQUE Y JARDIN > Poda y Jardinería, BOSQUE Y JARDIN > Poda y Jardinería > Podadora de altura",,,https://tiendatool.com/wp-content/uploads/2023/09/1133340.png,,,,,,,,,0,
2000,simple,1137020,"ClickUp! Hotel insectos 14.9x36.8x11cm 11370-20",1,0,visible,"Muchos insectos ya no encuentran un lugar confiable para anidar e invernar \nen su hábitat natural.","\n  [vc_row]\n    [vc_column]\n      [vc_column_text]\n        Muchos insectos ya no encuentran un lugar confiable para anidar e invernar \nen su hábitat natural. El ClickUp! Hotel de Insectos en tu jardín es un \nrefugio seguro y estético, un hogar protegido para la diversidad de \nespecies autóctonas. Este Hotel está diseñado para varios insectos: hay dos \nhabitaciones para las abejas silvestres en peligro de extinción y una \nhabitación para mariposas y mariquitas o vaquitas de San Antonio. Gracias \nal techo protector y al marco, el ClickUp! Hotel de Insectos ofrece un \nhogar durante todo el año.\n\n      [/vc_column_text]\n    [/vc_column]\n  [/vc_row]\n  [vc_row]\n    [vc_column]\n      [vc_tta_accordion active_section=""0""]\n        [vc_tta_section title=""Especificaciones técnicas"" tab_id=""1689192497545-d4489a26-6459""]\n          [vc_row_inner equal_height=""yes""]\n            [vc_column_inner width=""1/2"" css="".vc_custom_1689193255658{margin-bottom: 0px !important;}""]\n              [vc_column_text]\n                Material: Reciclado (certificado FSC® 100%)\n              [/vc_column_text]\n            [/vc_column_inner]\n            [vc_column_inner width=""1/2""]\n              [vc_column_text]\n                Altura: 37 cm\nProfundidad: 11 cm\n              [/vc_column_text]\n            [/vc_column_inner]\n          [/vc_row_inner]\n        [/vc_tta_section]\n        \n      [/vc_tta_accordion]\n    [/vc_column]\n  [/vc_row]",,,taxable,,1,1,,0,0,,,,,0,,,38050,"BOSQUE Y JARDIN, BOSQUE Y JARDIN > Línea Decoración > ClickUp!, BOSQUE Y JARDIN > Línea Decoración",,,https://tiendatool.com/wp-content/uploads/2023/09/1137020.png,,,,,,,,,0,
2002,simple,1130020,"ClickUp! Mango de madera 117cm 11300-20 (1Uni)",1,0,visible,"Mango de madera de alerce con certificación FSC® 100 % y una robusta punta \nde acero inoxidable para garantizar una fijación estable al suelo.","\n  [vc_row]\n    [vc_column]\n      [vc_column_text]\n        Mango de madera de alerce con certificación FSC® 100 % y una robusta punta \nde acero inoxidable para garantizar una fijación estable al suelo.\n\n      [/vc_column_text]\n    [/vc_column]\n  [/vc_row]\n  [vc_row]\n    [vc_column]\n      [vc_tta_accordion active_section=""0""]\n        [vc_tta_section title=""Especificaciones técnicas"" tab_id=""1689192497545-d4489a26-6459""]\n          [vc_row_inner equal_height=""yes""]\n            [vc_column_inner width=""1/2"" css="".vc_custom_1689193255658{margin-bottom: 0px !important;}""]\n              [vc_column_text]\n                \n              [/vc_column_text]\n            [/vc_column_inner]\n            [vc_column_inner width=""1/2""]\n              [vc_column_text]\n                Diámetro: 32 mm\n              [/vc_column_text]\n            [/vc_column_inner]\n          [/vc_row_inner]\n        [/vc_tta_section]\n        \n      [/vc_tta_accordion]\n    [/vc_column]\n  [/vc_row]",,,taxable,,1,1,,0,0,,,,,0,,,15430,"BOSQUE Y JARDIN, BOSQUE Y JARDIN > Línea Decoración > ClickUp!, BOSQUE Y JARDIN > Línea Decoración",,,https://tiendatool.com/wp-content/uploads/2023/09/1130020.png,,,,,,,,,0,
2004,simple,870220,"Tijera de poda BP50 Premium 08702-20 (5 uni)",1,0,visible,"Las tijeras para podar rosales BP 50 Premium GARDENA son s de alta calidad \npara los amantes de las herramientas de corte.","\n  [vc_row]\n    [vc_column]\n      [vc_column_text]\n        Las tijeras para podar rosales BP 50 Premium GARDENA son s de alta calidad \npara los amantes de las herramientas de corte. Las empuñaduras de aluminio \nespecialmente resistentes se adaptan a la mano bien y de forma ergonómica. \nLa cuchilla superior es de acero inoxidable y con afilado de precisión, la \ncuchilla inferior está forjada y se puede volver a afilar. Gracias a las \ndos posiciones de agarre con los mangos de perfil, se puede realizar un \ncorte potente y rápido. Las tijeras para podar rosales disponen de \nrecoge-savia y corta-hilo. Con el cierre de seguridad con una sola mano, \nlas tijeras rosales se pueden bloquear fácilmente y guardar con seguridad. \nEl periodo de garantía es de 25 años.\n\n      [/vc_column_text]\n    [/vc_column]\n  [/vc_row]\n  [vc_row]\n    [vc_column]\n      [vc_tta_accordion active_section=""0""]\n        [vc_tta_section title=""Especificaciones técnicas"" tab_id=""1689192497545-d4489a26-6459""]\n          [vc_row_inner equal_height=""yes""]\n            [vc_column_inner width=""1/2"" css="".vc_custom_1689193255658{margin-bottom: 0px !important;}""]\n              [vc_column_text]\n                \n              [/vc_column_text]\n            [/vc_column_inner]\n            [vc_column_inner width=""1/2""]\n              [vc_column_text]\n                Diámetro máximo de corte: 24 mm\nRegulación de abertura: Variable\n              [/vc_column_text]\n            [/vc_column_inner]\n          [/vc_row_inner]\n        [/vc_tta_section]\n        \n      [/vc_tta_accordion]\n    [/vc_column]\n  [/vc_row]",,,taxable,,1,1,,0,0,,,,,0,,,39870,"BOSQUE Y JARDIN, BOSQUE Y JARDIN > Línea Herramientas para el jardín > Herramientas de corte, BOSQUE Y JARDIN > Línea Herramientas para el jardín",,,https://tiendatool.com/wp-content/uploads/2023/09/0870220_3.png,,,,,,,,,0,
2006,simple,895320,"Pala Profunda 12 cm 08953-20 (5u)",1,0,visible,"La Palita larga de GARDENA es la herramienta óptima para plantar y \ntrasplantar plantas grandes.","\n  [vc_row]\n    [vc_column]\n      [vc_column_text]\n        La Palita larga de GARDENA es la herramienta óptima para plantar y \ntrasplantar plantas grandes. Su mango ergonómico con anti-deslizamiento \nasegura que puedas trabajar confortablemente y reduciendo el esfuerzo. \nFabricada con acero de alta calidad, revestimiento duroplast. Protección \nanti-corrosión. 25 años de garantía\n\n      [/vc_column_text]\n    [/vc_column]\n  [/vc_row]\n  [vc_row]\n    [vc_column]\n      [vc_tta_accordion active_section=""0""]\n        [vc_tta_section title=""Especificaciones técnicas"" tab_id=""1689192497545-d4489a26-6459""]\n          [vc_row_inner equal_height=""yes""]\n            [vc_column_inner width=""1/2"" css="".vc_custom_1689193255658{margin-bottom: 0px !important;}""]\n              [vc_column_text]\n                \n              [/vc_column_text]\n            [/vc_column_inner]\n            [vc_column_inner width=""1/2""]\n              [vc_column_text]\n                Ancho: 12 cm\n              [/vc_column_text]\n            [/vc_column_inner]\n          [/vc_row_inner]\n        [/vc_tta_section]\n        \n      [/vc_tta_accordion]\n    [/vc_column]\n  [/vc_row]",,,taxable,,1,1,,0,0,,,,,0,,,9550,"BOSQUE Y JARDIN, BOSQUE Y JARDIN > Línea Herramientas para el jardín > Herramientas de mano, BOSQUE Y JARDIN > Línea Herramientas para el jardín",,,https://tiendatool.com/wp-content/uploads/2023/09/0895320.png,,,,,,,,,0,
2008,simple,555420,"Clean System Mango conduc.agua telesc 05554-20 (2)",1,0,visible,"¿Necesita un mango conductor de agua con el que también pueda limpiar en \nalturas?","\n  [vc_row]\n    [vc_column]\n      [vc_column_text]\n        ¿Necesita un mango conductor de agua con el que también pueda limpiar en \nalturas? Entonces el mango conductor de agua telescópico GARDENA es justo \nlo que está buscando, porque puede ajustarlo en tramos de 155-260 cm. Está \nfabricado con aluminio de gran calidad, por eso es tan ligero y resistente. \nGracias a la tecnología de conexión sencilla y segura con un simple giro, \nes posible unir fácilmente al mango todos los accesorios cleansystem. El \nmango presenta un recubrimiento de plástico agradable y que se adapta bien \na la mano, no produce marcas de arañazos, no se resbala y su superficie \nnunca está fría. Puede regular la cantidad de agua y presión en el mango \ncomo convenga. El control del flujo se ajusta según se requiera y también \nse puede bloquear. Integrado en el mango conductor de agua, se halla el \npráctico mezclador irrompible para productos de limpieza GARDENA. Puede \ntrabajar con agua limpia y/o añadir detergentes o productos de limpieza.\n\n      [/vc_column_text]\n    [/vc_column]\n  [/vc_row]\n  [vc_row]\n    [vc_column]\n      [vc_tta_accordion active_section=""0""]\n        [vc_tta_section title=""Especificaciones técnicas"" tab_id=""1689192497545-d4489a26-6459""]\n          [vc_row_inner equal_height=""yes""]\n            [vc_column_inner width=""1/2"" css="".vc_custom_1689193255658{margin-bottom: 0px !important;}""]\n              [vc_column_text]\n                \n              [/vc_column_text]\n            [/vc_column_inner]\n            [vc_column_inner width=""1/2""]\n              [vc_column_text]\n                Largo del mango: 155 - 260 cm\n              [/vc_column_text]\n            [/vc_column_inner]\n          [/vc_row_inner]\n        [/vc_tta_section]\n        \n      [/vc_tta_accordion]\n    [/vc_column]\n  [/vc_row]",,,taxable,,1,1,,0,0,,,,,0,,,42430,"BOSQUE Y JARDIN, BOSQUE Y JARDIN > Línea Limpieza",,,https://tiendatool.com/wp-content/uploads/2023/09/0555420.png,,,,,,,,,0,
2010,simple,116920,"Temporizador - 01169-20 (2 uni)",1,0,visible,"El temporizador GARDENA conecta y desconecta automáticamente el riego de su \njardín como, por ejemplo, los aspersores o un sistema de riego por goteo \ncomo el Micro Drip .","\n  [vc_row]\n    [vc_column]\n      [vc_column_text]\n        El temporizador GARDENA conecta y desconecta automáticamente el riego de su \njardín como, por ejemplo, los aspersores o un sistema de riego por goteo \ncomo el Micro Drip . El temporizador inicia el riego inmediatamente y \ndetiene el caudal de agua automáticamente justo a la hora programada. No se \nnecesita pilas para su funcionamiento.\n\n      [/vc_column_text]\n    [/vc_column]\n  [/vc_row]\n  [vc_row]\n    [vc_column]\n      [vc_tta_accordion active_section=""0""]\n        [vc_tta_section title=""Especificaciones técnicas"" tab_id=""1689192497545-d4489a26-6459""]\n          [vc_row_inner equal_height=""yes""]\n            [vc_column_inner width=""1/2"" css="".vc_custom_1689193255658{margin-bottom: 0px !important;}""]\n              [vc_column_text]\n                Salidas programadas: 1\n              [/vc_column_text]\n            [/vc_column_inner]\n            [vc_column_inner width=""1/2""]\n              [vc_column_text]\n                N° de riegos máximos x día: Cuando funciona\nTipo de energía: Mecánica\nPresión de trabajo: 0,5 a 12 Bar\n              [/vc_column_text]\n            [/vc_column_inner]\n          [/vc_row_inner]\n        [/vc_tta_section]\n        \n      [/vc_tta_accordion]\n    [/vc_column]\n  [/vc_row]",,,taxable,,1,1,,0,0,,,,,0,,,25700,"BOSQUE Y JARDIN, BOSQUE Y JARDIN > Línea Riego, BOSQUE Y JARDIN > Línea Riego > Programadores",,,https://tiendatool.com/wp-content/uploads/2023/09/0116920.png,,,,,,,,,0,
2012,simple,1050436,"Motosierra a Bateria Niwa 36 V.14"" BMW-140",1,0,visible,"La motosierra a batería Niwa BMW-140 es ideal para poda y reducciones de \nramas para usuarios exigentes que buscan una alta performance de su \ntrabajo.","\n  [vc_row]\n    [vc_column]\n      [vc_column_text]\n        La motosierra a batería Niwa BMW-140 es ideal para poda y reducciones de \nramas para usuarios exigentes que buscan una alta performance de su \ntrabajo. Además es muy liviana y genera bajo nivel de ruido. Batería y \ncargador NO INCLUIDOS.\n\n      [/vc_column_text]\n    [/vc_column]\n  [/vc_row]\n  [vc_row]\n    [vc_column]\n      [vc_tta_accordion active_section=""0""]\n        [vc_tta_section title=""Especificaciones técnicas"" tab_id=""1689192497545-d4489a26-6459""]\n          [vc_row_inner equal_height=""yes""]\n            [vc_column_inner width=""1/2"" css="".vc_custom_1689193255658{margin-bottom: 0px !important;}""]\n              [vc_column_text]\n                Tipo de motor: Inducción sin escobillas\nTensión: 36 V\nPeso sin Batería: 3,5 Kg\nNivel de ruido: 100 dB (A)\nBaterías compatibles: BBW-362 (2 Ah) / BBW-364 (4 Ah)\nTipo de batería: Li-ion\n              [/vc_column_text]\n            [/vc_column_inner]\n            [vc_column_inner width=""1/2""]\n              [vc_column_text]\n                Modo Ahorro de energía: SI\nCapacidad de aceite cadena: 200 c.c.\nTamaño de Espada: 14 ""\nPaso de la cadena: 3/8 LP\nCalibre: 1.1 mm\nTiempo de trabajo aproximado: 30´ - 4 Ah (Modo SavE) +/- 20%\nOrigen: China\n              [/vc_column_text]\n            [/vc_column_inner]\n          [/vc_row_inner]\n        [/vc_tta_section]\n        \n      [/vc_tta_accordion]\n    [/vc_column]\n  [/vc_row]",,,taxable,,1,1,,0,0,,,,,0,,,113180,"BOSQUE Y JARDIN, BOSQUE Y JARDIN > Máquinas a batería, BOSQUE Y JARDIN > Máquinas a batería > Motosierra a Batería",,,https://tiendatool.com/wp-content/uploads/2023/09/1050436.png,,,,,,,,,0,
2014,simple,1053336,"Sopladora a batería Niwa 36V.BSW-072",1,0,visible,"Este potente y liviano soplador con velocidad variable es el mejor aliado \npara realizar una limpieza eficiente en el jardín.","\n  [vc_row]\n    [vc_column]\n      [vc_column_text]\n        Este potente y liviano soplador con velocidad variable es el mejor aliado \npara realizar una limpieza eficiente en el jardín. Batería y cargador NO \nINCLUIDOS.\n\n      [/vc_column_text]\n    [/vc_column]\n  [/vc_row]\n  [vc_row]\n    [vc_column]\n      [vc_tta_accordion active_section=""0""]\n        [vc_tta_section title=""Especificaciones técnicas"" tab_id=""1689192497545-d4489a26-6459""]\n          [vc_row_inner equal_height=""yes""]\n            [vc_column_inner width=""1/2"" css="".vc_custom_1689193255658{margin-bottom: 0px !important;}""]\n              [vc_column_text]\n                Tipo de motor: Inducción sin escobillas\nTensión: 36 V\nPeso sin Batería: 2,15 Kg\nNivel de ruido: 100 dB (A)\nBaterías compatibles: BBW-362 (2 Ah) / BBW-364 (4 Ah)\n              [/vc_column_text]\n            [/vc_column_inner]\n            [vc_column_inner width=""1/2""]\n              [vc_column_text]\n                Cargadores compatibles: BLW-036\nVelocidad de aire: 216 Km/h\nCaudal de aire: 840 m3/h\nVariador de velocidad: SI\nTiempo de trabajo aproximado: 25´ - 4 Ah (Modo SavE) +/- 20%\nOrigen: China\n              [/vc_column_text]\n            [/vc_column_inner]\n          [/vc_row_inner]\n        [/vc_tta_section]\n        \n      [/vc_tta_accordion]\n    [/vc_column]\n  [/vc_row]",,,taxable,,1,1,,0,0,,,,,0,,,73620,"BOSQUE Y JARDIN, BOSQUE Y JARDIN > Máquinas a batería, BOSQUE Y JARDIN > Máquinas a batería > Sopladores a Batería",,,https://tiendatool.com/wp-content/uploads/2023/09/1053336.png,,,,,,,,,0,
2016,simple,1132269,"Desmalezadora Niwa 26 c.c. (DNW26)",1,0,visible,"Desmalezadora con motor 2 tiempos de 26 cc liviana que es perfecta para los \npropietarios de viviendas que buscan las características exclusivas de un \neje recto, el cual posee una transmisión cardánica elevando su potencia de \ncorte, viene con arnés, cabezal de tanza y cuchilla para trabajos mas \nexigentes.","\n  [vc_row]\n    [vc_column]\n      [vc_column_text]\n        Desmalezadora con motor 2 tiempos de 26 cc liviana que es perfecta para los \npropietarios de viviendas que buscan las características exclusivas de un \neje recto, el cual posee una transmisión cardánica elevando su potencia de \ncorte, viene con arnés, cabezal de tanza y cuchilla para trabajos mas \nexigentes.\n\n      [/vc_column_text]\n    [/vc_column]\n  [/vc_row]\n  [vc_row]\n    [vc_column]\n      [vc_tta_accordion active_section=""0""]\n        [vc_tta_section title=""Especificaciones técnicas"" tab_id=""1689192497545-d4489a26-6459""]\n          [vc_row_inner equal_height=""yes""]\n            [vc_column_inner width=""1/2"" css="".vc_custom_1689193255658{margin-bottom: 0px !important;}""]\n              [vc_column_text]\n                Cilindrada: 26 c.c.\nPotencia: 0.75 Kw\nVelocidad máx.: 9000 rpm\nCapacidad de combustible: 0.7 lts\nNivel de ruido: 102 dB (A)\nTipo de transmisión: Cardánica\n              [/vc_column_text]\n            [/vc_column_inner]\n            [vc_column_inner width=""1/2""]\n              [vc_column_text]\n                Arnes: SI\nCuchilla: 3 ptas - centro 1""\nMedida de tanza: 1,5 a 3 mm\nCabezal de tanza: SI\nModelo de cabezal: Genérico (M10-Izq.)\nOrigen: China\nPeso Bruto: 7 Kg\n              [/vc_column_text]\n            [/vc_column_inner]\n          [/vc_row_inner]\n        [/vc_tta_section]\n        \n      [/vc_tta_accordion]\n    [/vc_column]\n  [/vc_row]",,,taxable,,1,1,,0,0,,,,,0,,,92620,"BOSQUE Y JARDIN, BOSQUE Y JARDIN > Máquinas a explosión > Desmalezadoras, BOSQUE Y JARDIN > Máquinas a explosión",,,https://tiendatool.com/wp-content/uploads/2023/09/1132269_1.png,,,,,,,,,0,
2018,simple,1235630,"Ahoyadora NIwa 2 hombres OYNW-63, mecha 300mm",1,0,visible,"La ahoyadora de dos hombres es un excelente producto para cualquiera que \ntenga la necesidad de perforar el suelo repetidas veces, teniendo una gran \nefectividad gracias a su motor de 63 cc.","\n  [vc_row]\n    [vc_column]\n      [vc_column_text]\n        La ahoyadora de dos hombres es un excelente producto para cualquiera que \ntenga la necesidad de perforar el suelo repetidas veces, teniendo una gran \nefectividad gracias a su motor de 63 cc. Viene con mecha de 300 mm pudiendo \nincorporarse un prolongador para mayor profundidad.\n\n      [/vc_column_text]\n    [/vc_column]\n  [/vc_row]\n  [vc_row]\n    [vc_column]\n      [vc_tta_accordion active_section=""0""]\n        [vc_tta_section title=""Especificaciones técnicas"" tab_id=""1689192497545-d4489a26-6459""]\n          [vc_row_inner equal_height=""yes""]\n            [vc_column_inner width=""1/2"" css="".vc_custom_1689193255658{margin-bottom: 0px !important;}""]\n              [vc_column_text]\n                Tipo de agarre: Dos Hombres\n              [/vc_column_text]\n            [/vc_column_inner]\n            [vc_column_inner width=""1/2""]\n              [vc_column_text]\n                Diámetro de mecha: 300 mm\nOrigen: China\nPeso Bruto: 10.2 Kg\n              [/vc_column_text]\n            [/vc_column_inner]\n          [/vc_row_inner]\n        [/vc_tta_section]\n        \n      [/vc_tta_accordion]\n    [/vc_column]\n  [/vc_row]",,,taxable,,1,1,,0,0,,,,,0,,,163970,"BOSQUE Y JARDIN > Otros productos > Ahoyadoras, BOSQUE Y JARDIN, BOSQUE Y JARDIN > Otros productos",,,https://tiendatool.com/wp-content/uploads/2023/09/1235630.png,,,,,,,,,0,
2020,simple,1078200,"Esparcidor de semillas manual Niwa (KNW-200)",1,0,visible,"Esparcidor de empuje manual con una capacidad de 59kg de tipo helicoidal \ncon ruedas neumáticas para facilitar su traslado y son ideales para los \ntrabajos de parquizacion.","\n  [vc_row]\n    [vc_column]\n      [vc_column_text]\n        Esparcidor de empuje manual con una capacidad de 59kg de tipo helicoidal \ncon ruedas neumáticas para facilitar su traslado y son ideales para los \ntrabajos de parquizacion\n\n      [/vc_column_text]\n    [/vc_column]\n  [/vc_row]\n  [vc_row]\n    [vc_column]\n      [vc_tta_accordion active_section=""0""]\n        [vc_tta_section title=""Especificaciones técnicas"" tab_id=""1689192497545-d4489a26-6459""]\n          [vc_row_inner equal_height=""yes""]\n            [vc_column_inner width=""1/2"" css="".vc_custom_1689193255658{margin-bottom: 0px !important;}""]\n              [vc_column_text]\n                Capacidad de carga: 59 Kg\n              [/vc_column_text]\n            [/vc_column_inner]\n            [vc_column_inner width=""1/2""]\n              [vc_column_text]\n                Tipo: Circular\nOrigen: China\nPeso Bruto: 20 Kg\n              [/vc_column_text]\n            [/vc_column_inner]\n          [/vc_row_inner]\n        [/vc_tta_section]\n        \n      [/vc_tta_accordion]\n    [/vc_column]\n  [/vc_row]",,,taxable,,1,1,,0,0,,,,,0,,,148750,"BOSQUE Y JARDIN, BOSQUE Y JARDIN > Otros productos > Esparcidor de semillas de empuje, BOSQUE Y JARDIN > Otros productos",,,https://tiendatool.com/wp-content/uploads/2023/09/1078200.png,,,,,,,,,0,
2022,simple,1025125,"Motobomba Niwa 5,5Hp x 2"" salida (WNW-55-2)",1,0,visible,"La motobomba Niwa WNW-55-2 es una herramienta robusta y poderosa ideal para \nel bombeo de pozos, sistemas de riego y otros fines.","\n  [vc_row]\n    [vc_column]\n      [vc_column_text]\n        La motobomba Niwa WNW-55-2 es una herramienta robusta y poderosa ideal para \nel bombeo de pozos, sistemas de riego y otros fines. Posee un marco de \nprotección y sistema de arranque fácil.\n\n      [/vc_column_text]\n    [/vc_column]\n  [/vc_row]\n  [vc_row]\n    [vc_column]\n      [vc_tta_accordion active_section=""0""]\n        [vc_tta_section title=""Especificaciones técnicas"" tab_id=""1689192497545-d4489a26-6459""]\n          [vc_row_inner equal_height=""yes""]\n            [vc_column_inner width=""1/2"" css="".vc_custom_1689193255658{margin-bottom: 0px !important;}""]\n              [vc_column_text]\n                Motor: Niwa\nPotencia (HP): 5.5 HP\nCaudal máximo: 30000 lts/h\nProfundidad de Succión: 7 m\n              [/vc_column_text]\n            [/vc_column_inner]\n            [vc_column_inner width=""1/2""]\n              [vc_column_text]\n                Diámetro de entrada: 2 ""\nTipo de arranque: Manual\nCapacidad de combustible: 3.6 lts\nOrigen: China\nPeso Bruto: 23.5 Kg\n              [/vc_column_text]\n            [/vc_column_inner]\n          [/vc_row_inner]\n        [/vc_tta_section]\n        \n      [/vc_tta_accordion]\n    [/vc_column]\n  [/vc_row]",,,taxable,,1,1,,0,0,,,,,0,,,136470,"PRODUCTOS DE FUERZA > Agua, PRODUCTOS DE FUERZA > Agua > Motobombas nafteras, PRODUCTOS DE FUERZA",,,https://tiendatool.com/wp-content/uploads/2023/09/1025125.png,,,,,,,,,0,
2024,simple,1025128,"Motobomba Niwa 8 Hp 4"" (WNW-80-4)",1,0,visible,"Esta motobomba Niwa con motor de 8 HP tiene un gran poder de bombeo, lo \ncual la hace idónea para abastecimiento de camiones, agotamiento de \npiscinas, diversas tareas en la construcción y otros trabajos que requieran \ntransferencia de agua.","\n  [vc_row]\n    [vc_column]\n      [vc_column_text]\n        Esta motobomba Niwa con motor de 8 HP tiene un gran poder de bombeo, lo \ncual la hace idónea para abastecimiento de camiones, agotamiento de \npiscinas, diversas tareas en la construcción y otros trabajos que requieran \ntransferencia de agua. Posee un marco de protección y sistema de arranque \nfácil.\n\n      [/vc_column_text]\n    [/vc_column]\n  [/vc_row]\n  [vc_row]\n    [vc_column]\n      [vc_tta_accordion active_section=""0""]\n        [vc_tta_section title=""Especificaciones técnicas"" tab_id=""1689192497545-d4489a26-6459""]\n          [vc_row_inner equal_height=""yes""]\n            [vc_column_inner width=""1/2"" css="".vc_custom_1689193255658{margin-bottom: 0px !important;}""]\n              [vc_column_text]\n                Motor: Niwa\nPotencia (HP): 8 HP\nCaudal máximo: 80000 lts/h\nProfundidad de Succión: 7 m\n              [/vc_column_text]\n            [/vc_column_inner]\n            [vc_column_inner width=""1/2""]\n              [vc_column_text]\n                Diámetro de entrada: 4 ""\nTipo de arranque: Manual\nCapacidad de combustible: 6.5 lts\nOrigen: China\nPeso Bruto: 43 Kg\n              [/vc_column_text]\n            [/vc_column_inner]\n          [/vc_row_inner]\n        [/vc_tta_section]\n        \n      [/vc_tta_accordion]\n    [/vc_column]\n  [/vc_row]",,,taxable,,1,2,,0,0,,,,,0,,,180810,"PRODUCTOS DE FUERZA > Agua, PRODUCTOS DE FUERZA > Agua > Motobombas nafteras, PRODUCTOS DE FUERZA",,,https://tiendatool.com/wp-content/uploads/2023/09/1025128.png,,,,,,,,,0,
2026,simple,1039145,"Motor Horiz. Kohler 14HP arr. El. CH440-3031/3275",1,0,visible,"El motor CH440, de 14 HP, tiene un diseño confiable y de larga vida.","\n  [vc_row]\n    [vc_column]\n      [vc_column_text]\n        El motor CH440, de 14 HP, tiene un diseño confiable y de larga vida. Con un \narranque fácil y rápido. De un sencillo mantenimiento y con un sistema de \napagado automático por bajo nivel de aceite. Posee un desempeño de alta \npotencia y un funcionamiento silencioso y sin perturbaciones\n\n      [/vc_column_text]\n    [/vc_column]\n  [/vc_row]\n  [vc_row]\n    [vc_column]\n      [vc_tta_accordion active_section=""0""]\n        [vc_tta_section title=""Especificaciones técnicas"" tab_id=""1689192497545-d4489a26-6459""]\n          [vc_row_inner equal_height=""yes""]\n            [vc_column_inner width=""1/2"" css="".vc_custom_1689193255658{margin-bottom: 0px !important;}""]\n              [vc_column_text]\n                Potencia (HP): 14 HP\nPotencia certificada: 10 KW a 3600 RPM\nCilindrada: 429 c.c.\nTanque de combustible: SI\nCapacidad de combustible: 3 lts\n              [/vc_column_text]\n            [/vc_column_inner]\n            [vc_column_inner width=""1/2""]\n              [vc_column_text]\n                Alerta de aceite: SI\nTipo de eje: Cilíndrico\nDiámetro del eje: 25,4 mm\nOrigen: China\nLargo: 57 cm\nAlto: 50 cm\nPeso Bruto: 33 Kg\n              [/vc_column_text]\n            [/vc_column_inner]\n          [/vc_row_inner]\n        [/vc_tta_section]\n        \n      [/vc_tta_accordion]\n    [/vc_column]\n  [/vc_row]",,,taxable,,1,3,,0,0,,,,,0,,,468920,"PRODUCTOS DE FUERZA > Fuerza, PRODUCTOS DE FUERZA > Fuerza > Motores horizontales nafteros Monocilíndricos, PRODUCTOS DE FUERZA",,,https://tiendatool.com/wp-content/uploads/2023/09/1039145.png,,,,,,,,,0,
2028,simple,1025427,"Generador Niwa 2,7 Kva 4T (GNW-28)",1,0,visible,"Equipo monofásico de 2.8 Kva ideal para utilizarse en pequeña vivienda en \ncaso de corte o falta de suministro eléctrico.","\n  [vc_row]\n    [vc_column]\n      [vc_column_text]\n        Equipo monofásico de 2.8 Kva ideal para utilizarse en pequeña vivienda en \ncaso de corte o falta de suministro eléctrico.\n\n      [/vc_column_text]\n    [/vc_column]\n  [/vc_row]\n  [vc_row]\n    [vc_column]\n      [vc_tta_accordion active_section=""0""]\n        [vc_tta_section title=""Especificaciones técnicas"" tab_id=""1689192497545-d4489a26-6459""]\n          [vc_row_inner equal_height=""yes""]\n            [vc_column_inner width=""1/2"" css="".vc_custom_1689193255658{margin-bottom: 0px !important;}""]\n              [vc_column_text]\n                Motor: Niwa\nCiclo del motor: 4 Tiempos\nPotencia (HP): 6.5 HP\nTipo: Monofásico\nPotencia máxima: 2.8 Kva\nBobinado en cobre: SI\nTipo de arranque: Manual\n              [/vc_column_text]\n            [/vc_column_inner]\n            [vc_column_inner width=""1/2""]\n              [vc_column_text]\n                Frecuencia: 50 Hz\nIntensidad de corriente: 11 Amp\nCantidad de salidas: 2 x 220 V\nAlerta de aceite: SI\nAutonomía de uso continuo: 9 hs\nRegulador de voltaje alterno: SI\nOrigen: China\nPeso Bruto: 41.5 Kg\n              [/vc_column_text]\n            [/vc_column_inner]\n          [/vc_row_inner]\n        [/vc_tta_section]\n        \n      [/vc_tta_accordion]\n    [/vc_column]\n  [/vc_row]",,,taxable,,1,2,,0,0,,,,,0,,,201150,"PRODUCTOS DE FUERZA > Generación, PRODUCTOS DE FUERZA > Generación > Grupos electrógenos nafteros, PRODUCTOS DE FUERZA",,,https://tiendatool.com/wp-content/uploads/2023/09/1025427.png,,,,,,,,,0,
2030,simple,1025428,"Generador Niwa 2,7 Kva 4T arr. El. (GNW-28-E)",1,0,visible,"Equipo monofásico de 2.8 Kva ideal para utilizarse en pequeña vivienda en \ncaso de corte o falta de suministro eléctrico con arranque eléctrico manual","\n  [vc_row]\n    [vc_column]\n      [vc_column_text]\n        Equipo monofásico de 2.8 Kva ideal para utilizarse en pequeña vivienda en \ncaso de corte o falta de suministro eléctrico con arranque eléctrico manual\n\n      [/vc_column_text]\n    [/vc_column]\n  [/vc_row]\n  [vc_row]\n    [vc_column]\n      [vc_tta_accordion active_section=""0""]\n        [vc_tta_section title=""Especificaciones técnicas"" tab_id=""1689192497545-d4489a26-6459""]\n          [vc_row_inner equal_height=""yes""]\n            [vc_column_inner width=""1/2"" css="".vc_custom_1689193255658{margin-bottom: 0px !important;}""]\n              [vc_column_text]\n                Motor: Niwa\nCiclo del motor: 4 Tiempos\nPotencia (HP): 6.5 HP\nTipo: Monofásico\nPotencia máxima: 2.8 Kva\nBobinado en cobre: SI\nTipo de arranque: Eléctrico\n              [/vc_column_text]\n            [/vc_column_inner]\n            [vc_column_inner width=""1/2""]\n              [vc_column_text]\n                Frecuencia: 50 Hz\nIntensidad de corriente: 11 Amp\nCantidad de salidas: 2 x 220 V\nAlerta de aceite: SI\nAutonomía de uso continuo: 9 hs\nRegulador de voltaje alterno: SI\nOrigen: China\nPeso Bruto: 43.5 Kg\n              [/vc_column_text]\n            [/vc_column_inner]\n          [/vc_row_inner]\n        [/vc_tta_section]\n        \n      [/vc_tta_accordion]\n    [/vc_column]\n  [/vc_row]",,,taxable,,1,14,,0,0,,,,,0,,,242253,"PRODUCTOS DE FUERZA > Generación, PRODUCTOS DE FUERZA > Generación > Grupos electrógenos nafteros, PRODUCTOS DE FUERZA",,,https://tiendatool.com/wp-content/uploads/2023/09/1025428.png,,,,,,,,,0,
2032,simple,1040130,"Hidrolavadora expl. 13 Hp. poten 252 BAR (LNW130)",1,0,visible,"Profesional, rendidora, cumple con todos los requisitos de exigencia!","\n  [vc_row]\n    [vc_column]\n      [vc_column_text]\n        Profesional, rendidora, cumple con todos los requisitos de exigencia! \nProvista de 5 picos para aplicar a la lanza, montada en un practico carro \npara su transporte la convierte en la socia perfecta para cualquier \nlavadero y para cualquier tarea exhaustiva de lavado tanto de maquinas \nagrícolas, camiones, tareas de limpieza de techos, paredes, etc.\n\n      [/vc_column_text]\n    [/vc_column]\n  [/vc_row]\n  [vc_row]\n    [vc_column]\n      [vc_tta_accordion active_section=""0""]\n        [vc_tta_section title=""Especificaciones técnicas"" tab_id=""1689192497545-d4489a26-6459""]\n          [vc_row_inner equal_height=""yes""]\n            [vc_column_inner width=""1/2"" css="".vc_custom_1689193255658{margin-bottom: 0px !important;}""]\n              [vc_column_text]\n                Motor: Niwa\nPotencia (HP): 13 HP\nPresión de caudal máximo: 252 bar\nPistola de metal con picos intercambiables: SI\n              [/vc_column_text]\n            [/vc_column_inner]\n            [vc_column_inner width=""1/2""]\n              [vc_column_text]\n                Tipo de bomba: Con cigüeñal y biela\nCantidad de picos: 5\nRuedas: SI\nOrigen: China\nPeso Bruto: 63 Kg\n              [/vc_column_text]\n            [/vc_column_inner]\n          [/vc_row_inner]\n        [/vc_tta_section]\n        \n      [/vc_tta_accordion]\n    [/vc_column]\n  [/vc_row]",,,taxable,,1,2,,0,0,,,,,0,,,514540,"PRODUCTOS DE LIMPIEZA > Hidrolavadoras y accesorios > Hidrolavadoras a explosión, PRODUCTOS DE LIMPIEZA > Hidrolavadoras y accesorios, PRODUCTOS DE LIMPIEZA",,,https://tiendatool.com/wp-content/uploads/2023/09/1040130.png,,,,,,,,,0,
2034,simple,1040700,"Hidrolavadora Elect Niwa 2200W HDNW-700",1,0,visible,"La serie 700 es la de entrada de gama de las mas potentes, teniendo como marca registrada el diseño, la ergonomía y la confiabilidad la convierten en una de las preferidas.","\n  [vc_row]\n    [vc_column]\n      [vc_column_text]\n        La serie 700 es la de entrada de gama de las mas potentes, teniendo como marca registrada el diseño, la ergonomía y la confiabilidad la convierten en una de las preferidas.\n\n      [/vc_column_text]\n    [/vc_column]\n  [/vc_row]\n  [vc_row]\n    [vc_column]\n      [vc_tta_accordion active_section=""0""]\n        [vc_tta_section title=""Especificaciones técnicas"" tab_id=""1689192497545-d4489a26-6459""]\n          [vc_row_inner equal_height=""yes""]\n            [vc_column_inner width=""1/2"" css="".vc_custom_1689193255658{margin-bottom: 0px !important;}""]\n              [vc_column_text]\n                Potencia (Watts): 2200 Watts\nAlimentación: 220V/50Hz\nPresión de caudal máximo: 150 bar\nCaudal máximo: 450 lts/h\nCaudal nominal: 390 lts/h\nPresión de caudal promedio: 120 bar\n              [/vc_column_text]\n            [/vc_column_inner]\n            [vc_column_inner width=""1/2""]\n              [vc_column_text]\n                Largo de manguera: 5 m\nTipo de bomba: Axial\nBotella de detergente: SI\nPorta manguera: SI\nRuedas: SI\nOrigen: China\nPeso Bruto: 15.1 Kg\n              [/vc_column_text]\n            [/vc_column_inner]\n          [/vc_row_inner]\n        [/vc_tta_section]\n        \n      [/vc_tta_accordion]\n    [/vc_column]\n  [/vc_row]",,,taxable,,1,3,,0,0,,,,,0,,,106350,"PRODUCTOS DE LIMPIEZA > Hidrolavadoras y accesorios > Hidrolavadoras eléctricas, PRODUCTOS DE LIMPIEZA > Hidrolavadoras y accesorios, PRODUCTOS DE LIMPIEZA",,,https://tiendatool.com/wp-content/uploads/2023/09/1040700.png,,,,,,,,,0,
2036,simple,1039065,"Motor Horiz. Kohler SH-265. 6.5HP PA-SH265-0011",1,0,visible,"El motor SH265, de 6.5 HP, tiene un diseño confiable y de larga vida.","\n  [vc_row]\n    [vc_column]\n      [vc_column_text]\n        El motor SH265, de 6.5 HP, tiene un diseño confiable y de larga vida. Con un arranque fácil y rápido. De un sencillo mantenimiento y con un sistema de apagado automático por bajo nivel de aceite. Posee un desempeño de alta potencia y un funcionamiento silencioso y sin perturbaciones.\n\n      [/vc_column_text]\n    [/vc_column]\n  [/vc_row]\n  [vc_row]\n    [vc_column]\n      [vc_tta_accordion active_section=""0""]\n        [vc_tta_section title=""Especificaciones técnicas"" tab_id=""1689192497545-d4489a26-6459""]\n          [vc_row_inner equal_height=""yes""]\n            [vc_column_inner width=""1/2"" css="".vc_custom_1689193255658{margin-bottom: 0px !important;}""]\n              [vc_column_text]\n                Potencia (HP): 6.5 HP\nPotencia certificada: 4,2 KW a 3600 RPM\nCilindrada: 196 c.c.\nTanque de combustible: SI\nCapacidad de combustible: 3.3 lts\n              [/vc_column_text]\n            [/vc_column_inner]\n            [vc_column_inner width=""1/2""]\n              [vc_column_text]\n                Alerta de aceite: SI\nTipo de eje: Cilíndrico\nDiámetro del eje: 19,05 mm\nOrigen: China\nLargo: 41 cm\nAlto: 41 cm\nPeso Bruto: 16 Kg\n              [/vc_column_text]\n            [/vc_column_inner]\n          [/vc_row_inner]\n        [/vc_tta_section]\n        \n      [/vc_tta_accordion]\n    [/vc_column]\n  [/vc_row]",,,taxable,,1,4,,0,0,,,,,0,,,154531,"PRODUCTOS DE FUERZA > Fuerza, PRODUCTOS DE FUERZA > Fuerza > Motores horizontales nafteros Monocilíndricos, PRODUCTOS DE FUERZA",,,https://tiendatool.com/wp-content/uploads/2023/09/1039065.png,,,,,,,,,0,
2038,simple,6023628,"Roscadora a batería Metabo GB 18 LTX BL Q I",1,0,visible,"Taladro roscador a Batería 18 V con motor sin escobillas.","\n  [vc_row]\n    [vc_column]\n      [vc_column_text]\n        Taladro roscador a Batería 18 V con motor sin escobillas. Ideal para \nrealizar roscado con macho o mecha cilíndrica. Conmutación automática de \ngiro. Sistema Quick de cambio de herramienta. Función impulso que permite \ncentrar o desatornillar tornillos. Luz led de trabajo integrada. Carcasa \ndel engranaje de fundición de aluminio. Husillo de conexión para trabajo \nsin porta brocas\n\n      [/vc_column_text]\n    [/vc_column]\n  [/vc_row]\n  [vc_row]\n    [vc_column]\n      [vc_tta_accordion active_section=""0""]\n        [vc_tta_section title=""Especificaciones técnicas"" tab_id=""1689192497545-d4489a26-6459""]\n          [vc_row_inner equal_height=""yes""]\n            [vc_column_inner width=""1/2"" css="".vc_custom_1689193255658{margin-bottom: 0px !important;}""]\n              [vc_column_text]\n                Tipo de batería: Li-Ion / LiHD\nTensión de la batería: 18 V\nTorque máx. blando: 60 Nm\nTorque máx. duro: 120 Nm\nTorque regulable: 1.-20 Nm\nDiámetro de rosca: M4-M12\n              [/vc_column_text]\n            [/vc_column_inner]\n            [vc_column_inner width=""1/2""]\n              [vc_column_text]\n                Ø de perforación en madera blanda: 65 mm\nRevoluciones marcha en vacío: 0-600/0 -2050 rpm\nCapacidad de porta broca: 1,5-13 mm\nLuz de trabajo led: SI\nAlojamiento de la herramienta: HuSIllo con hexágono interior 1/4\nPeso (con batería): 2.5 kg\nAcople de batería CAS: SI\nFreno de disco: SI\n              [/vc_column_text]\n            [/vc_column_inner]\n          [/vc_row_inner]\n        [/vc_tta_section]\n        \n      [/vc_tta_accordion]\n    [/vc_column]\n  [/vc_row]",,,taxable,,1,3,,0,0,,,,,0,,,382920,"FERRETERIA, FERRETERIA > Herramientas eléctrica a Batería, FERRETERIA > Herramientas eléctrica a Batería > Herramientas especiales a batería",,,https://tiendatool.com/wp-content/uploads/2023/09/6038288.png,,,,,,,,,0,
2047,simple,4910695,"Picador de forraje JF JF-60 MAX",1,0,visible,"Las picadora de forraje JF-60 MAX fueron desarrolladas para los productores \nmas exigentes con poderosos rotores de 4 cuchillas en forma de L.","\n  [vc_row]\n    [vc_column]\n      [vc_column_text]\n        Las picadora de forraje JF-60 MAX fueron desarrolladas para los productores \nmas exigentes con poderosos rotores de 4 cuchillas en forma de L. Pican \npasto, cañas de azúcar, girasol, maíz, sorgo entre otros. Son ideales para \nalimentación en fresco. Estas maquinas pueden producir alimentación de \ncalidad con bajo costo. NO INCLUYE PROTECTOR DE CORREA. NO INCLUYE MOTOR.\n\n      [/vc_column_text]\n    [/vc_column]\n  [/vc_row]\n  [vc_row]\n    [vc_column]\n      [vc_tta_accordion active_section=""0""]\n        [vc_tta_section title=""Especificaciones técnicas"" tab_id=""1689192497545-d4489a26-6459""]\n          [vc_row_inner equal_height=""yes""]\n            [vc_column_inner width=""1/2"" css="".vc_custom_1689193255658{margin-bottom: 0px !important;}""]\n              [vc_column_text]\n                Cantidad de cuchillas por rotor: 4\nAjuste de tamaño de picado: SI \nTamaño de picado: 5 y 13 / 8 y 13 mm\nPicado de pasto: SI \nPicado de maíz: SI \n\n              [/vc_column_text]\n            [/vc_column_inner]\n            [vc_column_inner width=""1/2""]\n              [vc_column_text]\n                Picado de alimentos frescos: SI \nRendimiento aprox.: 5000 a 16500 kg/h\nPotencia de motor recomendada: 20 a 35 HP\nCaja de cambios sellada: SI \nBase para motor: SI \nBase para carretón: SI \n\n              [/vc_column_text]\n            [/vc_column_inner]\n          [/vc_row_inner]\n        [/vc_tta_section]\n        \n      [/vc_tta_accordion]\n    [/vc_column]\n  [/vc_row]",,,taxable,,1,102,,0,0,,,,,0,,,125000,"AGRO Y FORRAJERÍA, AGRO Y FORRAJERÍA > Máquinas Agrícolas, AGRO Y FORRAJERÍA > Máquinas Agrícolas > Picadoras de forraje",,,https://tiendatool.com/wp-content/uploads/2023/09/4910695_2.png,,,,,,,,,0,
